method,assay,round,bin,MCC
dnn,NR-AR,0,0-1,0.0
dnn,NR-AR,0,2-3,0.0
dnn,NR-AR,0,>3,0.5805196689471825
dnn,NR-AR,1,0-1,0.0
dnn,NR-AR,1,2-3,0.0
dnn,NR-AR,1,>3,0.6035778563265876
dnn,NR-AR,2,0-1,0.0
dnn,NR-AR,2,2-3,0.0
dnn,NR-AR,2,>3,0.5981581318214497
dnn,NR-AR,3,0-1,0.0
dnn,NR-AR,3,2-3,0.0
dnn,NR-AR,3,>3,0.5923901858117784
dnn,NR-AR,4,0-1,0.0
dnn,NR-AR,4,2-3,0.0
dnn,NR-AR,4,>3,0.5981581318214497
dnn,NR-AR,5,0-1,0.0
dnn,NR-AR,5,2-3,0.0
dnn,NR-AR,5,>3,0.5753216826547087
dnn,NR-AR,6,0-1,0.0
dnn,NR-AR,6,2-3,0.0
dnn,NR-AR,6,>3,0.6107563843845476
dnn,NR-AR,7,0-1,0.0
dnn,NR-AR,7,2-3,0.0
dnn,NR-AR,7,>3,0.5981581318214497
dnn,NR-AR,8,0-1,0.0
dnn,NR-AR,8,2-3,0.0
dnn,NR-AR,8,>3,0.6035778563265876
dnn,NR-AR,9,0-1,0.0
dnn,NR-AR,9,2-3,0.0
dnn,NR-AR,9,>3,0.5708356690631029
dnn,NR-AR,10,0-1,0.0
dnn,NR-AR,10,2-3,0.0
dnn,NR-AR,10,>3,0.5981581318214497
dnn,NR-AR,11,0-1,0.0
dnn,NR-AR,11,2-3,0.0
dnn,NR-AR,11,>3,0.6534717193485741
dnn,NR-AR,12,0-1,0.0
dnn,NR-AR,12,2-3,0.0
dnn,NR-AR,12,>3,0.5932687719383681
dnn,NR-AR,13,0-1,0.0
dnn,NR-AR,13,2-3,0.0
dnn,NR-AR,13,>3,0.5817546621106927
dnn,NR-AR,14,0-1,0.0
dnn,NR-AR,14,2-3,0.0
dnn,NR-AR,14,>3,0.6107563843845476
dnn,NR-AR,15,0-1,0.0
dnn,NR-AR,15,2-3,0.0
dnn,NR-AR,15,>3,0.5981581318214497
dnn,NR-AR,16,0-1,0.0
dnn,NR-AR,16,2-3,0.0
dnn,NR-AR,16,>3,0.586252195411645
dnn,NR-AR,17,0-1,0.0
dnn,NR-AR,17,2-3,0.0
dnn,NR-AR,17,>3,0.5981581318214497
dnn,NR-AR,18,0-1,0.0
dnn,NR-AR,18,2-3,0.0
dnn,NR-AR,18,>3,0.615368130689058
dnn,NR-AR,19,0-1,0.0
dnn,NR-AR,19,2-3,0.0
dnn,NR-AR,19,>3,0.6068233198198183
dnn,NR-AR-LBD,0,0-1,0.0
dnn,NR-AR-LBD,0,2-3,0.0
dnn,NR-AR-LBD,0,>3,0.5342967087424112
dnn,NR-AR-LBD,1,0-1,0.0
dnn,NR-AR-LBD,1,2-3,-0.07254762501100116
dnn,NR-AR-LBD,1,>3,0.5239785566383836
dnn,NR-AR-LBD,2,0-1,0.0
dnn,NR-AR-LBD,2,2-3,0.0
dnn,NR-AR-LBD,2,>3,0.5631981819858727
dnn,NR-AR-LBD,3,0-1,0.0
dnn,NR-AR-LBD,3,2-3,0.0
dnn,NR-AR-LBD,3,>3,0.6047046613474153
dnn,NR-AR-LBD,4,0-1,0.0
dnn,NR-AR-LBD,4,2-3,0.0
dnn,NR-AR-LBD,4,>3,0.5812483189812029
dnn,NR-AR-LBD,5,0-1,0.0
dnn,NR-AR-LBD,5,2-3,0.0
dnn,NR-AR-LBD,5,>3,0.577857918451947
dnn,NR-AR-LBD,6,0-1,0.0
dnn,NR-AR-LBD,6,2-3,0.0
dnn,NR-AR-LBD,6,>3,0.5868591706965218
dnn,NR-AR-LBD,7,0-1,0.0
dnn,NR-AR-LBD,7,2-3,0.0
dnn,NR-AR-LBD,7,>3,0.5321483303954334
dnn,NR-AR-LBD,8,0-1,0.0
dnn,NR-AR-LBD,8,2-3,0.0
dnn,NR-AR-LBD,8,>3,0.5446853209736531
dnn,NR-AR-LBD,9,0-1,0.0
dnn,NR-AR-LBD,9,2-3,-0.07254762501100116
dnn,NR-AR-LBD,9,>3,0.5926577791974414
dnn,NR-AR-LBD,10,0-1,0.0
dnn,NR-AR-LBD,10,2-3,0.0
dnn,NR-AR-LBD,10,>3,0.5704210587243569
dnn,NR-AR-LBD,11,0-1,0.0
dnn,NR-AR-LBD,11,2-3,0.0
dnn,NR-AR-LBD,11,>3,0.6134740391416148
dnn,NR-AR-LBD,12,0-1,0.0
dnn,NR-AR-LBD,12,2-3,-0.07254762501100116
dnn,NR-AR-LBD,12,>3,0.5503237354799295
dnn,NR-AR-LBD,13,0-1,0.0
dnn,NR-AR-LBD,13,2-3,0.0
dnn,NR-AR-LBD,13,>3,0.5498110271568812
dnn,NR-AR-LBD,14,0-1,0.0
dnn,NR-AR-LBD,14,2-3,0.0
dnn,NR-AR-LBD,14,>3,0.5562665120537389
dnn,NR-AR-LBD,15,0-1,0.0
dnn,NR-AR-LBD,15,2-3,-0.07254762501100116
dnn,NR-AR-LBD,15,>3,0.5032680399215399
dnn,NR-AR-LBD,16,0-1,0.0
dnn,NR-AR-LBD,16,2-3,0.0
dnn,NR-AR-LBD,16,>3,0.577857918451947
dnn,NR-AR-LBD,17,0-1,0.0
dnn,NR-AR-LBD,17,2-3,0.0
dnn,NR-AR-LBD,17,>3,0.5816025525580266
dnn,NR-AR-LBD,18,0-1,0.0
dnn,NR-AR-LBD,18,2-3,0.0
dnn,NR-AR-LBD,18,>3,0.6047046613474153
dnn,NR-AR-LBD,19,0-1,0.0
dnn,NR-AR-LBD,19,2-3,0.0
dnn,NR-AR-LBD,19,>3,0.5601272632306572
dnn,NR-AhR,0,0-1,0.0
dnn,NR-AhR,0,2-3,-0.06451612903225806
dnn,NR-AhR,0,>3,0.5225171275892463
dnn,NR-AhR,1,0-1,0.0
dnn,NR-AhR,1,2-3,-0.06451612903225806
dnn,NR-AhR,1,>3,0.5417325031438615
dnn,NR-AhR,2,0-1,0.0
dnn,NR-AhR,2,2-3,-0.06451612903225806
dnn,NR-AhR,2,>3,0.5505247157039842
dnn,NR-AhR,3,0-1,0.0
dnn,NR-AhR,3,2-3,-0.06451612903225806
dnn,NR-AhR,3,>3,0.543573641456596
dnn,NR-AhR,4,0-1,0.0
dnn,NR-AhR,4,2-3,-0.08032193289024989
dnn,NR-AhR,4,>3,0.5399818883340437
dnn,NR-AhR,5,0-1,0.0
dnn,NR-AhR,5,2-3,-0.04490132550669373
dnn,NR-AhR,5,>3,0.5413409321934628
dnn,NR-AhR,6,0-1,0.0
dnn,NR-AhR,6,2-3,-0.08032193289024989
dnn,NR-AhR,6,>3,0.5446308158320768
dnn,NR-AhR,7,0-1,0.0
dnn,NR-AhR,7,2-3,-0.04490132550669373
dnn,NR-AhR,7,>3,0.4776785317290429
dnn,NR-AhR,8,0-1,0.0
dnn,NR-AhR,8,2-3,-0.06451612903225806
dnn,NR-AhR,8,>3,0.5176750628123711
dnn,NR-AhR,9,0-1,0.0
dnn,NR-AhR,9,2-3,-0.08032193289024989
dnn,NR-AhR,9,>3,0.5552143074763531
dnn,NR-AhR,10,0-1,0.0
dnn,NR-AhR,10,2-3,-0.06451612903225806
dnn,NR-AhR,10,>3,0.5358465190569774
dnn,NR-AhR,11,0-1,0.0
dnn,NR-AhR,11,2-3,-0.04490132550669373
dnn,NR-AhR,11,>3,0.480620029807483
dnn,NR-AhR,12,0-1,0.0
dnn,NR-AhR,12,2-3,-0.08032193289024989
dnn,NR-AhR,12,>3,0.5265997949770105
dnn,NR-AhR,13,0-1,0.0
dnn,NR-AhR,13,2-3,-0.04490132550669373
dnn,NR-AhR,13,>3,0.5098533901038494
dnn,NR-AhR,14,0-1,0.0
dnn,NR-AhR,14,2-3,-0.08032193289024989
dnn,NR-AhR,14,>3,0.5367411827880719
dnn,NR-AhR,15,0-1,0.0
dnn,NR-AhR,15,2-3,-0.04490132550669373
dnn,NR-AhR,15,>3,0.5403411669574442
dnn,NR-AhR,16,0-1,0.0
dnn,NR-AhR,16,2-3,-0.06451612903225806
dnn,NR-AhR,16,>3,0.5399818883340437
dnn,NR-AhR,17,0-1,0.0
dnn,NR-AhR,17,2-3,-0.08032193289024989
dnn,NR-AhR,17,>3,0.5272573415400774
dnn,NR-AhR,18,0-1,0.0
dnn,NR-AhR,18,2-3,-0.04490132550669373
dnn,NR-AhR,18,>3,0.557405174557255
dnn,NR-AhR,19,0-1,0.0
dnn,NR-AhR,19,2-3,-0.06451612903225806
dnn,NR-AhR,19,>3,0.4984294332630249
dnn,NR-ER,0,0-1,0.0
dnn,NR-ER,0,2-3,-0.14484136487558028
dnn,NR-ER,0,>3,0.28217070814351114
dnn,NR-ER,1,0-1,0.0
dnn,NR-ER,1,2-3,-0.14484136487558028
dnn,NR-ER,1,>3,0.33133191339354945
dnn,NR-ER,2,0-1,0.0
dnn,NR-ER,2,2-3,0.0
dnn,NR-ER,2,>3,0.3149609387138069
dnn,NR-ER,3,0-1,0.0
dnn,NR-ER,3,2-3,-0.14484136487558028
dnn,NR-ER,3,>3,0.3308712635156685
dnn,NR-ER,4,0-1,0.0
dnn,NR-ER,4,2-3,0.0
dnn,NR-ER,4,>3,0.3017562206596735
dnn,NR-ER,5,0-1,0.0
dnn,NR-ER,5,2-3,0.0
dnn,NR-ER,5,>3,0.3338225900699194
dnn,NR-ER,6,0-1,0.0
dnn,NR-ER,6,2-3,-0.14484136487558028
dnn,NR-ER,6,>3,0.3261716953217081
dnn,NR-ER,7,0-1,0.0
dnn,NR-ER,7,2-3,-0.14484136487558028
dnn,NR-ER,7,>3,0.3175929545703044
dnn,NR-ER,8,0-1,0.0
dnn,NR-ER,8,2-3,-0.14484136487558028
dnn,NR-ER,8,>3,0.3261716953217081
dnn,NR-ER,9,0-1,0.0
dnn,NR-ER,9,2-3,0.0
dnn,NR-ER,9,>3,0.33226841323196077
dnn,NR-ER,10,0-1,0.0
dnn,NR-ER,10,2-3,-0.14484136487558028
dnn,NR-ER,10,>3,0.29278966443962934
dnn,NR-ER,11,0-1,0.0
dnn,NR-ER,11,2-3,0.0
dnn,NR-ER,11,>3,0.33566480275114785
dnn,NR-ER,12,0-1,0.0
dnn,NR-ER,12,2-3,-0.14484136487558028
dnn,NR-ER,12,>3,0.3410643537829408
dnn,NR-ER,13,0-1,0.0
dnn,NR-ER,13,2-3,-0.14484136487558028
dnn,NR-ER,13,>3,0.3184394796245247
dnn,NR-ER,14,0-1,0.0
dnn,NR-ER,14,2-3,-0.14484136487558028
dnn,NR-ER,14,>3,0.3454660287299165
dnn,NR-ER,15,0-1,0.0
dnn,NR-ER,15,2-3,0.0
dnn,NR-ER,15,>3,0.28614376300402694
dnn,NR-ER,16,0-1,0.0
dnn,NR-ER,16,2-3,0.0
dnn,NR-ER,16,>3,0.32675338440761564
dnn,NR-ER,17,0-1,0.0
dnn,NR-ER,17,2-3,-0.14484136487558028
dnn,NR-ER,17,>3,0.30644422437033036
dnn,NR-ER,18,0-1,0.0
dnn,NR-ER,18,2-3,-0.14484136487558028
dnn,NR-ER,18,>3,0.3410643537829408
dnn,NR-ER,19,0-1,0.0
dnn,NR-ER,19,2-3,-0.14484136487558028
dnn,NR-ER,19,>3,0.2941123803464058
dnn,NR-ER-LBD,0,0-1,0.0
dnn,NR-ER-LBD,0,2-3,0.0
dnn,NR-ER-LBD,0,>3,0.5510231906121268
dnn,NR-ER-LBD,1,0-1,1.0
dnn,NR-ER-LBD,1,2-3,0.0
dnn,NR-ER-LBD,1,>3,0.5267201592973526
dnn,NR-ER-LBD,2,0-1,1.0
dnn,NR-ER-LBD,2,2-3,0.0
dnn,NR-ER-LBD,2,>3,0.6210596275526807
dnn,NR-ER-LBD,3,0-1,0.0
dnn,NR-ER-LBD,3,2-3,0.0
dnn,NR-ER-LBD,3,>3,0.6347567063406658
dnn,NR-ER-LBD,4,0-1,0.0
dnn,NR-ER-LBD,4,2-3,0.0
dnn,NR-ER-LBD,4,>3,0.5699051157639766
dnn,NR-ER-LBD,5,0-1,0.0
dnn,NR-ER-LBD,5,2-3,0.0
dnn,NR-ER-LBD,5,>3,0.6280102343211355
dnn,NR-ER-LBD,6,0-1,0.0
dnn,NR-ER-LBD,6,2-3,0.0
dnn,NR-ER-LBD,6,>3,0.6308415688046838
dnn,NR-ER-LBD,7,0-1,0.0
dnn,NR-ER-LBD,7,2-3,0.0
dnn,NR-ER-LBD,7,>3,0.5940089913756165
dnn,NR-ER-LBD,8,0-1,0.0
dnn,NR-ER-LBD,8,2-3,0.0
dnn,NR-ER-LBD,8,>3,0.6299714939448796
dnn,NR-ER-LBD,9,0-1,0.0
dnn,NR-ER-LBD,9,2-3,0.0
dnn,NR-ER-LBD,9,>3,0.627340492186995
dnn,NR-ER-LBD,10,0-1,0.0
dnn,NR-ER-LBD,10,2-3,0.0
dnn,NR-ER-LBD,10,>3,0.6034812906421166
dnn,NR-ER-LBD,11,0-1,0.0
dnn,NR-ER-LBD,11,2-3,0.0
dnn,NR-ER-LBD,11,>3,0.6500263665492255
dnn,NR-ER-LBD,12,0-1,0.0
dnn,NR-ER-LBD,12,2-3,0.0
dnn,NR-ER-LBD,12,>3,0.6299714939448796
dnn,NR-ER-LBD,13,0-1,0.0
dnn,NR-ER-LBD,13,2-3,0.0
dnn,NR-ER-LBD,13,>3,0.6478982409337076
dnn,NR-ER-LBD,14,0-1,0.0
dnn,NR-ER-LBD,14,2-3,0.0
dnn,NR-ER-LBD,14,>3,0.6029519330543408
dnn,NR-ER-LBD,15,0-1,0.0
dnn,NR-ER-LBD,15,2-3,0.0
dnn,NR-ER-LBD,15,>3,0.5991116165203373
dnn,NR-ER-LBD,16,0-1,0.0
dnn,NR-ER-LBD,16,2-3,0.0
dnn,NR-ER-LBD,16,>3,0.6133651574194492
dnn,NR-ER-LBD,17,0-1,0.0
dnn,NR-ER-LBD,17,2-3,0.0
dnn,NR-ER-LBD,17,>3,0.577646492442027
dnn,NR-ER-LBD,18,0-1,0.0
dnn,NR-ER-LBD,18,2-3,0.0
dnn,NR-ER-LBD,18,>3,0.6253915602849002
dnn,NR-ER-LBD,19,0-1,0.0
dnn,NR-ER-LBD,19,2-3,0.0
dnn,NR-ER-LBD,19,>3,0.6109097466498785
dnn,NR-PPAR-gamma,0,0-1,0.0
dnn,NR-PPAR-gamma,0,2-3,0.0
dnn,NR-PPAR-gamma,0,>3,0.37926587628637154
dnn,NR-PPAR-gamma,1,0-1,0.0
dnn,NR-PPAR-gamma,1,2-3,0.0
dnn,NR-PPAR-gamma,1,>3,0.2771780902839713
dnn,NR-PPAR-gamma,2,0-1,0.0
dnn,NR-PPAR-gamma,2,2-3,0.0
dnn,NR-PPAR-gamma,2,>3,0.37926587628637154
dnn,NR-PPAR-gamma,3,0-1,0.0
dnn,NR-PPAR-gamma,3,2-3,0.0
dnn,NR-PPAR-gamma,3,>3,0.2771780902839713
dnn,NR-PPAR-gamma,4,0-1,0.0
dnn,NR-PPAR-gamma,4,2-3,0.0
dnn,NR-PPAR-gamma,4,>3,0.3719378444549248
dnn,NR-PPAR-gamma,5,0-1,0.0
dnn,NR-PPAR-gamma,5,2-3,0.0
dnn,NR-PPAR-gamma,5,>3,0.3754082864437441
dnn,NR-PPAR-gamma,6,0-1,0.0
dnn,NR-PPAR-gamma,6,2-3,0.0
dnn,NR-PPAR-gamma,6,>3,0.37926587628637154
dnn,NR-PPAR-gamma,7,0-1,0.0
dnn,NR-PPAR-gamma,7,2-3,0.0
dnn,NR-PPAR-gamma,7,>3,0.3372146947732648
dnn,NR-PPAR-gamma,8,0-1,0.0
dnn,NR-PPAR-gamma,8,2-3,0.0
dnn,NR-PPAR-gamma,8,>3,0.3352855147867222
dnn,NR-PPAR-gamma,9,0-1,0.0
dnn,NR-PPAR-gamma,9,2-3,0.0
dnn,NR-PPAR-gamma,9,>3,0.3719378444549248
dnn,NR-PPAR-gamma,10,0-1,0.0
dnn,NR-PPAR-gamma,10,2-3,0.0
dnn,NR-PPAR-gamma,10,>3,0.3174165596336617
dnn,NR-PPAR-gamma,11,0-1,0.0
dnn,NR-PPAR-gamma,11,2-3,0.0
dnn,NR-PPAR-gamma,11,>3,0.2515787162687866
dnn,NR-PPAR-gamma,12,0-1,0.0
dnn,NR-PPAR-gamma,12,2-3,0.0
dnn,NR-PPAR-gamma,12,>3,0.35706334763236414
dnn,NR-PPAR-gamma,13,0-1,0.0
dnn,NR-PPAR-gamma,13,2-3,0.0
dnn,NR-PPAR-gamma,13,>3,0.34453554278571064
dnn,NR-PPAR-gamma,14,0-1,0.0
dnn,NR-PPAR-gamma,14,2-3,0.0
dnn,NR-PPAR-gamma,14,>3,0.29545441378498577
dnn,NR-PPAR-gamma,15,0-1,0.0
dnn,NR-PPAR-gamma,15,2-3,0.0
dnn,NR-PPAR-gamma,15,>3,0.30142426004317024
dnn,NR-PPAR-gamma,16,0-1,0.0
dnn,NR-PPAR-gamma,16,2-3,0.0
dnn,NR-PPAR-gamma,16,>3,0.35706334763236414
dnn,NR-PPAR-gamma,17,0-1,0.0
dnn,NR-PPAR-gamma,17,2-3,0.0
dnn,NR-PPAR-gamma,17,>3,0.3352855147867222
dnn,NR-PPAR-gamma,18,0-1,0.0
dnn,NR-PPAR-gamma,18,2-3,0.0
dnn,NR-PPAR-gamma,18,>3,0.37926587628637154
dnn,NR-PPAR-gamma,19,0-1,0.0
dnn,NR-PPAR-gamma,19,2-3,0.0
dnn,NR-PPAR-gamma,19,>3,0.3390978715080343
dnn,SR-ARE,0,0-1,0.39482284480086133
dnn,SR-ARE,0,2-3,0.2721655269759087
dnn,SR-ARE,0,>3,0.4194295146213811
dnn,SR-ARE,1,0-1,0.44026525564956065
dnn,SR-ARE,1,2-3,0.4082482904638631
dnn,SR-ARE,1,>3,0.41104431202569325
dnn,SR-ARE,2,0-1,0.21862199778627
dnn,SR-ARE,2,2-3,0.0
dnn,SR-ARE,2,>3,0.4140739500530465
dnn,SR-ARE,3,0-1,0.277863709845348
dnn,SR-ARE,3,2-3,0.2721655269759087
dnn,SR-ARE,3,>3,0.4320999487725646
dnn,SR-ARE,4,0-1,0.2882298424467099
dnn,SR-ARE,4,2-3,0.0
dnn,SR-ARE,4,>3,0.38759082928379646
dnn,SR-ARE,5,0-1,0.12657063029731422
dnn,SR-ARE,5,2-3,0.2721655269759087
dnn,SR-ARE,5,>3,0.4083622590817731
dnn,SR-ARE,6,0-1,0.29048228889028355
dnn,SR-ARE,6,2-3,0.0
dnn,SR-ARE,6,>3,0.4315777897830042
dnn,SR-ARE,7,0-1,0.36333572031679523
dnn,SR-ARE,7,2-3,0.4082482904638631
dnn,SR-ARE,7,>3,0.4157347875310464
dnn,SR-ARE,8,0-1,0.14436152940914787
dnn,SR-ARE,8,2-3,0.4082482904638631
dnn,SR-ARE,8,>3,0.4263132586512302
dnn,SR-ARE,9,0-1,0.23993881784554924
dnn,SR-ARE,9,2-3,0.0
dnn,SR-ARE,9,>3,0.3812846747426053
dnn,SR-ARE,10,0-1,0.2677531554766716
dnn,SR-ARE,10,2-3,0.2721655269759087
dnn,SR-ARE,10,>3,0.42740786988127716
dnn,SR-ARE,11,0-1,-0.009178948540071955
dnn,SR-ARE,11,2-3,0.4082482904638631
dnn,SR-ARE,11,>3,0.4298631666357372
dnn,SR-ARE,12,0-1,0.44026525564956065
dnn,SR-ARE,12,2-3,0.4082482904638631
dnn,SR-ARE,12,>3,0.3864608642010944
dnn,SR-ARE,13,0-1,0.37720111214087115
dnn,SR-ARE,13,2-3,0.2721655269759087
dnn,SR-ARE,13,>3,0.388789216941179
dnn,SR-ARE,14,0-1,0.37720111214087115
dnn,SR-ARE,14,2-3,0.0
dnn,SR-ARE,14,>3,0.39981893941333385
dnn,SR-ARE,15,0-1,0.37465179112493574
dnn,SR-ARE,15,2-3,-0.10206207261596577
dnn,SR-ARE,15,>3,0.39504697597978833
dnn,SR-ARE,16,0-1,0.26367792274418855
dnn,SR-ARE,16,2-3,0.0
dnn,SR-ARE,16,>3,0.40259095845972703
dnn,SR-ARE,17,0-1,0.06436232759897516
dnn,SR-ARE,17,2-3,0.5345224838248488
dnn,SR-ARE,17,>3,0.4213896760673275
dnn,SR-ARE,18,0-1,0.277863709845348
dnn,SR-ARE,18,2-3,0.0890870806374748
dnn,SR-ARE,18,>3,0.39924250934958305
dnn,SR-ARE,19,0-1,0.24891209418573745
dnn,SR-ARE,19,2-3,0.4082482904638631
dnn,SR-ARE,19,>3,0.44675353248035515
dnn,SR-ATAD5,0,0-1,0.0
dnn,SR-ATAD5,0,2-3,0.4743416490252569
dnn,SR-ATAD5,0,>3,0.34777202507918925
dnn,SR-ATAD5,1,0-1,0.0
dnn,SR-ATAD5,1,2-3,0.4743416490252569
dnn,SR-ATAD5,1,>3,0.2358992703627926
dnn,SR-ATAD5,2,0-1,0.0
dnn,SR-ATAD5,2,2-3,0.4743416490252569
dnn,SR-ATAD5,2,>3,0.2633542991527499
dnn,SR-ATAD5,3,0-1,0.0
dnn,SR-ATAD5,3,2-3,0.4743416490252569
dnn,SR-ATAD5,3,>3,0.22652818845039357
dnn,SR-ATAD5,4,0-1,0.0
dnn,SR-ATAD5,4,2-3,-0.07027283689263066
dnn,SR-ATAD5,4,>3,0.2898416143720797
dnn,SR-ATAD5,5,0-1,0.0
dnn,SR-ATAD5,5,2-3,0.4743416490252569
dnn,SR-ATAD5,5,>3,0.2829459462689798
dnn,SR-ATAD5,6,0-1,0.0
dnn,SR-ATAD5,6,2-3,0.4743416490252569
dnn,SR-ATAD5,6,>3,0.2481385065094947
dnn,SR-ATAD5,7,0-1,0.0
dnn,SR-ATAD5,7,2-3,0.29060425003857965
dnn,SR-ATAD5,7,>3,0.29746206090486044
dnn,SR-ATAD5,8,0-1,0.0
dnn,SR-ATAD5,8,2-3,0.4743416490252569
dnn,SR-ATAD5,8,>3,0.2756453332000821
dnn,SR-ATAD5,9,0-1,0.0
dnn,SR-ATAD5,9,2-3,0.29060425003857965
dnn,SR-ATAD5,9,>3,0.2481385065094947
dnn,SR-ATAD5,10,0-1,0.0
dnn,SR-ATAD5,10,2-3,0.4743416490252569
dnn,SR-ATAD5,10,>3,0.19961299279385175
dnn,SR-ATAD5,11,0-1,0.0
dnn,SR-ATAD5,11,2-3,0.4743416490252569
dnn,SR-ATAD5,11,>3,0.26076284340474665
dnn,SR-ATAD5,12,0-1,0.0
dnn,SR-ATAD5,12,2-3,0.19948124964375882
dnn,SR-ATAD5,12,>3,0.28232828816856037
dnn,SR-ATAD5,13,0-1,0.0
dnn,SR-ATAD5,13,2-3,0.29060425003857965
dnn,SR-ATAD5,13,>3,0.23686698393341998
dnn,SR-ATAD5,14,0-1,0.3333333333333333
dnn,SR-ATAD5,14,2-3,0.29060425003857965
dnn,SR-ATAD5,14,>3,0.30771250906800585
dnn,SR-ATAD5,15,0-1,0.0
dnn,SR-ATAD5,15,2-3,0.4743416490252569
dnn,SR-ATAD5,15,>3,0.29768324966050863
dnn,SR-ATAD5,16,0-1,0.0
dnn,SR-ATAD5,16,2-3,0.4743416490252569
dnn,SR-ATAD5,16,>3,0.2969669015637099
dnn,SR-ATAD5,17,0-1,0.0
dnn,SR-ATAD5,17,2-3,0.4743416490252569
dnn,SR-ATAD5,17,>3,0.2450815203071574
dnn,SR-ATAD5,18,0-1,0.0
dnn,SR-ATAD5,18,2-3,0.4743416490252569
dnn,SR-ATAD5,18,>3,0.2778649486951197
dnn,SR-ATAD5,19,0-1,0.0
dnn,SR-ATAD5,19,2-3,0.4743416490252569
dnn,SR-ATAD5,19,>3,0.2894203031395136
dnn,SR-HSE,0,0-1,0.19936606554975947
dnn,SR-HSE,0,2-3,0.39477101697586137
dnn,SR-HSE,0,>3,0.38587000888883527
dnn,SR-HSE,1,0-1,0.19936606554975947
dnn,SR-HSE,1,2-3,0.2672612419124244
dnn,SR-HSE,1,>3,0.3659578585166311
dnn,SR-HSE,2,0-1,0.19936606554975947
dnn,SR-HSE,2,2-3,0.2672612419124244
dnn,SR-HSE,2,>3,0.3778827605472805
dnn,SR-HSE,3,0-1,-0.039374961547907886
dnn,SR-HSE,3,2-3,0.39477101697586137
dnn,SR-HSE,3,>3,0.394338794950082
dnn,SR-HSE,4,0-1,-0.039374961547907886
dnn,SR-HSE,4,2-3,0.2672612419124244
dnn,SR-HSE,4,>3,0.3294882110016214
dnn,SR-HSE,5,0-1,-0.04849444837696852
dnn,SR-HSE,5,2-3,0.2672612419124244
dnn,SR-HSE,5,>3,0.3382225801391632
dnn,SR-HSE,6,0-1,0.15955584935288403
dnn,SR-HSE,6,2-3,0.39477101697586137
dnn,SR-HSE,6,>3,0.4137572156503914
dnn,SR-HSE,7,0-1,0.15955584935288403
dnn,SR-HSE,7,2-3,0.39477101697586137
dnn,SR-HSE,7,>3,0.40138031402079477
dnn,SR-HSE,8,0-1,-0.039374961547907886
dnn,SR-HSE,8,2-3,0.2672612419124244
dnn,SR-HSE,8,>3,0.41689076014871496
dnn,SR-HSE,9,0-1,0.15955584935288403
dnn,SR-HSE,9,2-3,0.39477101697586137
dnn,SR-HSE,9,>3,0.4258524022941759
dnn,SR-HSE,10,0-1,-0.04849444837696852
dnn,SR-HSE,10,2-3,0.2672612419124244
dnn,SR-HSE,10,>3,0.38491117768116984
dnn,SR-HSE,11,0-1,0.15955584935288403
dnn,SR-HSE,11,2-3,0.2672612419124244
dnn,SR-HSE,11,>3,0.3955545582184912
dnn,SR-HSE,12,0-1,-0.04849444837696852
dnn,SR-HSE,12,2-3,0.2672612419124244
dnn,SR-HSE,12,>3,0.412622661020944
dnn,SR-HSE,13,0-1,0.15955584935288403
dnn,SR-HSE,13,2-3,0.2672612419124244
dnn,SR-HSE,13,>3,0.3778827605472805
dnn,SR-HSE,14,0-1,0.15955584935288403
dnn,SR-HSE,14,2-3,0.39477101697586137
dnn,SR-HSE,14,>3,0.4078611965608719
dnn,SR-HSE,15,0-1,-0.027688900037376646
dnn,SR-HSE,15,2-3,0.2672612419124244
dnn,SR-HSE,15,>3,0.46221578925543694
dnn,SR-HSE,16,0-1,-0.056313829183370835
dnn,SR-HSE,16,2-3,0.2672612419124244
dnn,SR-HSE,16,>3,0.34886882487488213
dnn,SR-HSE,17,0-1,-0.04849444837696852
dnn,SR-HSE,17,2-3,0.2672612419124244
dnn,SR-HSE,17,>3,0.34574551006059195
dnn,SR-HSE,18,0-1,-0.027688900037376646
dnn,SR-HSE,18,2-3,0.39477101697586137
dnn,SR-HSE,18,>3,0.44835486515849304
dnn,SR-HSE,19,0-1,0.15955584935288403
dnn,SR-HSE,19,2-3,0.2672612419124244
dnn,SR-HSE,19,>3,0.36576662793629977
dnn,SR-MMP,0,0-1,0.0
dnn,SR-MMP,0,2-3,0.18090680674665818
dnn,SR-MMP,0,>3,0.4814235562628589
dnn,SR-MMP,1,0-1,0.0
dnn,SR-MMP,1,2-3,0.3347193406976015
dnn,SR-MMP,1,>3,0.5089763803457426
dnn,SR-MMP,2,0-1,0.0
dnn,SR-MMP,2,2-3,0.3347193406976015
dnn,SR-MMP,2,>3,0.5350631942045192
dnn,SR-MMP,3,0-1,0.0
dnn,SR-MMP,3,2-3,0.3919647479510927
dnn,SR-MMP,3,>3,0.4746732809760523
dnn,SR-MMP,4,0-1,0.0
dnn,SR-MMP,4,2-3,0.12171612389003691
dnn,SR-MMP,4,>3,0.522005213659053
dnn,SR-MMP,5,0-1,0.0
dnn,SR-MMP,5,2-3,0.3347193406976015
dnn,SR-MMP,5,>3,0.5233996479051133
dnn,SR-MMP,6,0-1,0.0
dnn,SR-MMP,6,2-3,0.16666666666666666
dnn,SR-MMP,6,>3,0.5056216738183362
dnn,SR-MMP,7,0-1,0.0
dnn,SR-MMP,7,2-3,0.49613893835683387
dnn,SR-MMP,7,>3,0.516029373426722
dnn,SR-MMP,8,0-1,0.0
dnn,SR-MMP,8,2-3,0.18090680674665818
dnn,SR-MMP,8,>3,0.5201545528877701
dnn,SR-MMP,9,0-1,0.0
dnn,SR-MMP,9,2-3,0.3347193406976015
dnn,SR-MMP,9,>3,0.4972857268774212
dnn,SR-MMP,10,0-1,0.0
dnn,SR-MMP,10,2-3,0.279078152825719
dnn,SR-MMP,10,>3,0.40389489684308294
dnn,SR-MMP,11,0-1,0.0
dnn,SR-MMP,11,2-3,0.18090680674665818
dnn,SR-MMP,11,>3,0.5137139054648356
dnn,SR-MMP,12,0-1,0.0
dnn,SR-MMP,12,2-3,0.03015113445777636
dnn,SR-MMP,12,>3,0.5080574167561855
dnn,SR-MMP,13,0-1,0.0
dnn,SR-MMP,13,2-3,0.279078152825719
dnn,SR-MMP,13,>3,0.43875109165293263
dnn,SR-MMP,14,0-1,0.0
dnn,SR-MMP,14,2-3,0.279078152825719
dnn,SR-MMP,14,>3,0.4753486909234225
dnn,SR-MMP,15,0-1,0.0
dnn,SR-MMP,15,2-3,0.18090680674665818
dnn,SR-MMP,15,>3,0.4826841736116317
dnn,SR-MMP,16,0-1,0.0
dnn,SR-MMP,16,2-3,0.279078152825719
dnn,SR-MMP,16,>3,0.5178513871556024
dnn,SR-MMP,17,0-1,0.0
dnn,SR-MMP,17,2-3,0.279078152825719
dnn,SR-MMP,17,>3,0.5175346479577462
dnn,SR-MMP,18,0-1,0.0
dnn,SR-MMP,18,2-3,0.3347193406976015
dnn,SR-MMP,18,>3,0.4969503550502984
dnn,SR-MMP,19,0-1,0.0
dnn,SR-MMP,19,2-3,0.062017367294604234
dnn,SR-MMP,19,>3,0.495502602434729
dnn,SR-p53,0,0-1,0.0
dnn,SR-p53,0,2-3,0.2820380374088831
dnn,SR-p53,0,>3,0.25800715654823053
dnn,SR-p53,1,0-1,0.0
dnn,SR-p53,1,2-3,0.15228622596829317
dnn,SR-p53,1,>3,0.30035240863664825
dnn,SR-p53,2,0-1,0.0
dnn,SR-p53,2,2-3,0.2820380374088831
dnn,SR-p53,2,>3,0.20231374357884657
dnn,SR-p53,3,0-1,0.0
dnn,SR-p53,3,2-3,0.050964719143762556
dnn,SR-p53,3,>3,0.22384703578542864
dnn,SR-p53,4,0-1,0.0
dnn,SR-p53,4,2-3,0.15228622596829317
dnn,SR-p53,4,>3,0.24924715313249798
dnn,SR-p53,5,0-1,0.0
dnn,SR-p53,5,2-3,-0.2548235957188128
dnn,SR-p53,5,>3,0.2119389664536125
dnn,SR-p53,6,0-1,0.0
dnn,SR-p53,6,2-3,0.2820380374088831
dnn,SR-p53,6,>3,0.20769868108649073
dnn,SR-p53,7,0-1,0.0
dnn,SR-p53,7,2-3,-0.01413506985480439
dnn,SR-p53,7,>3,0.16156133093514619
dnn,SR-p53,8,0-1,0.0
dnn,SR-p53,8,2-3,-0.12182898077463453
dnn,SR-p53,8,>3,0.23561908163289313
dnn,SR-p53,9,0-1,0.0
dnn,SR-p53,9,2-3,0.2820380374088831
dnn,SR-p53,9,>3,0.23159146544272463
dnn,SR-p53,10,0-1,0.0
dnn,SR-p53,10,2-3,0.3567530340063379
dnn,SR-p53,10,>3,0.2454930628465509
dnn,SR-p53,11,0-1,0.0
dnn,SR-p53,11,2-3,0.050964719143762556
dnn,SR-p53,11,>3,0.2873649387760242
dnn,SR-p53,12,0-1,0.0
dnn,SR-p53,12,2-3,0.0
dnn,SR-p53,12,>3,0.21054568324045536
dnn,SR-p53,13,0-1,0.0
dnn,SR-p53,13,2-3,0.16883116883116883
dnn,SR-p53,13,>3,0.23052054683152157
dnn,SR-p53,14,0-1,0.0
dnn,SR-p53,14,2-3,0.4025974025974026
dnn,SR-p53,14,>3,0.2369404039277799
dnn,SR-p53,15,0-1,0.0
dnn,SR-p53,15,2-3,0.050964719143762556
dnn,SR-p53,15,>3,0.25054489228362575
dnn,SR-p53,16,0-1,0.0
dnn,SR-p53,16,2-3,0.050964719143762556
dnn,SR-p53,16,>3,0.23290158740367847
dnn,SR-p53,17,0-1,0.0
dnn,SR-p53,17,2-3,-0.30403449605253013
dnn,SR-p53,17,>3,0.2963862882364859
dnn,SR-p53,18,0-1,0.0
dnn,SR-p53,18,2-3,0.19347649748797374
dnn,SR-p53,18,>3,0.20768986258652403
dnn,SR-p53,19,0-1,0.0
dnn,SR-p53,19,2-3,0.2820380374088831
dnn,SR-p53,19,>3,0.23044228735823663
dnn,NR-Aromatase,0,0-1,0.0
dnn,NR-Aromatase,0,2-3,0.0
dnn,NR-Aromatase,0,>3,0.3201075005899724
dnn,NR-Aromatase,1,0-1,0.0
dnn,NR-Aromatase,1,2-3,0.0
dnn,NR-Aromatase,1,>3,0.2665487548053951
dnn,NR-Aromatase,2,0-1,0.0
dnn,NR-Aromatase,2,2-3,0.0
dnn,NR-Aromatase,2,>3,0.3636787480808757
dnn,NR-Aromatase,3,0-1,0.0
dnn,NR-Aromatase,3,2-3,0.0
dnn,NR-Aromatase,3,>3,0.32756840188950237
dnn,NR-Aromatase,4,0-1,0.0
dnn,NR-Aromatase,4,2-3,0.0
dnn,NR-Aromatase,4,>3,0.2808026480387635
dnn,NR-Aromatase,5,0-1,0.0
dnn,NR-Aromatase,5,2-3,0.0
dnn,NR-Aromatase,5,>3,0.33382266442428626
dnn,NR-Aromatase,6,0-1,0.0
dnn,NR-Aromatase,6,2-3,0.0
dnn,NR-Aromatase,6,>3,0.25117366170074057
dnn,NR-Aromatase,7,0-1,0.0
dnn,NR-Aromatase,7,2-3,0.0
dnn,NR-Aromatase,7,>3,0.2767456592824382
dnn,NR-Aromatase,8,0-1,0.0
dnn,NR-Aromatase,8,2-3,0.0
dnn,NR-Aromatase,8,>3,0.3310982840046028
dnn,NR-Aromatase,9,0-1,0.0
dnn,NR-Aromatase,9,2-3,0.0
dnn,NR-Aromatase,9,>3,0.3101859232471003
dnn,NR-Aromatase,10,0-1,0.0
dnn,NR-Aromatase,10,2-3,0.0
dnn,NR-Aromatase,10,>3,0.25722215501944173
dnn,NR-Aromatase,11,0-1,0.0
dnn,NR-Aromatase,11,2-3,0.0
dnn,NR-Aromatase,11,>3,0.32017558842578836
dnn,NR-Aromatase,12,0-1,0.0
dnn,NR-Aromatase,12,2-3,0.0
dnn,NR-Aromatase,12,>3,0.24242503182093592
dnn,NR-Aromatase,13,0-1,0.0
dnn,NR-Aromatase,13,2-3,0.0
dnn,NR-Aromatase,13,>3,0.29034760400680076
dnn,NR-Aromatase,14,0-1,0.0
dnn,NR-Aromatase,14,2-3,0.0
dnn,NR-Aromatase,14,>3,0.29632479043037124
dnn,NR-Aromatase,15,0-1,0.0
dnn,NR-Aromatase,15,2-3,0.0
dnn,NR-Aromatase,15,>3,0.317271561156033
dnn,NR-Aromatase,16,0-1,0.0
dnn,NR-Aromatase,16,2-3,0.0
dnn,NR-Aromatase,16,>3,0.2030520856608652
dnn,NR-Aromatase,17,0-1,0.0
dnn,NR-Aromatase,17,2-3,0.0
dnn,NR-Aromatase,17,>3,0.31864145376181036
dnn,NR-Aromatase,18,0-1,0.0
dnn,NR-Aromatase,18,2-3,0.0
dnn,NR-Aromatase,18,>3,0.38715351338494197
dnn,NR-Aromatase,19,0-1,0.0
dnn,NR-Aromatase,19,2-3,0.0
dnn,NR-Aromatase,19,>3,0.356202925729193
dnn_fn,NR-AR,0,0-1,0.0
dnn_fn,NR-AR,0,2-3,0.0
dnn_fn,NR-AR,0,>3,0.6035778563265876
dnn_fn,NR-AR,1,0-1,0.0
dnn_fn,NR-AR,1,2-3,0.0
dnn_fn,NR-AR,1,>3,0.5923901858117784
dnn_fn,NR-AR,2,0-1,0.0
dnn_fn,NR-AR,2,2-3,0.0
dnn_fn,NR-AR,2,>3,0.6068233198198183
dnn_fn,NR-AR,3,0-1,0.0
dnn_fn,NR-AR,3,2-3,0.0
dnn_fn,NR-AR,3,>3,0.6205041492867507
dnn_fn,NR-AR,4,0-1,0.0
dnn_fn,NR-AR,4,2-3,0.0
dnn_fn,NR-AR,4,>3,0.5981581318214497
dnn_fn,NR-AR,5,0-1,0.0
dnn_fn,NR-AR,5,2-3,0.0
dnn_fn,NR-AR,5,>3,0.5684980808098612
dnn_fn,NR-AR,6,0-1,0.0
dnn_fn,NR-AR,6,2-3,0.0
dnn_fn,NR-AR,6,>3,0.5716265627669823
dnn_fn,NR-AR,7,0-1,0.0
dnn_fn,NR-AR,7,2-3,0.0
dnn_fn,NR-AR,7,>3,0.6094059164066995
dnn_fn,NR-AR,8,0-1,0.0
dnn_fn,NR-AR,8,2-3,0.0
dnn_fn,NR-AR,8,>3,0.5887583619972294
dnn_fn,NR-AR,9,0-1,0.0
dnn_fn,NR-AR,9,2-3,0.0
dnn_fn,NR-AR,9,>3,0.6019217905997479
dnn_fn,NR-AR,10,0-1,0.0
dnn_fn,NR-AR,10,2-3,0.0
dnn_fn,NR-AR,10,>3,0.6383249569849277
dnn_fn,NR-AR,11,0-1,0.0
dnn_fn,NR-AR,11,2-3,0.0
dnn_fn,NR-AR,11,>3,0.6534717193485741
dnn_fn,NR-AR,12,0-1,0.0
dnn_fn,NR-AR,12,2-3,0.0
dnn_fn,NR-AR,12,>3,0.6241180606298331
dnn_fn,NR-AR,13,0-1,0.0
dnn_fn,NR-AR,13,2-3,0.0
dnn_fn,NR-AR,13,>3,0.5923901858117784
dnn_fn,NR-AR,14,0-1,0.0
dnn_fn,NR-AR,14,2-3,0.0
dnn_fn,NR-AR,14,>3,0.586252195411645
dnn_fn,NR-AR,15,0-1,0.0
dnn_fn,NR-AR,15,2-3,0.0
dnn_fn,NR-AR,15,>3,0.6278181828330381
dnn_fn,NR-AR,16,0-1,0.0
dnn_fn,NR-AR,16,2-3,0.0
dnn_fn,NR-AR,16,>3,0.6035778563265876
dnn_fn,NR-AR,17,0-1,0.0
dnn_fn,NR-AR,17,2-3,0.0
dnn_fn,NR-AR,17,>3,0.6444840659664711
dnn_fn,NR-AR,18,0-1,0.0
dnn_fn,NR-AR,18,2-3,0.0
dnn_fn,NR-AR,18,>3,0.615368130689058
dnn_fn,NR-AR,19,0-1,0.0
dnn_fn,NR-AR,19,2-3,0.0
dnn_fn,NR-AR,19,>3,0.6534717193485741
dnn_fn,NR-AR-LBD,0,0-1,0.0
dnn_fn,NR-AR-LBD,0,2-3,0.0
dnn_fn,NR-AR-LBD,0,>3,0.6101877894674131
dnn_fn,NR-AR-LBD,1,0-1,0.0
dnn_fn,NR-AR-LBD,1,2-3,0.0
dnn_fn,NR-AR-LBD,1,>3,0.6053921014239644
dnn_fn,NR-AR-LBD,2,0-1,0.0
dnn_fn,NR-AR-LBD,2,2-3,0.0
dnn_fn,NR-AR-LBD,2,>3,0.6604604673679991
dnn_fn,NR-AR-LBD,3,0-1,0.0
dnn_fn,NR-AR-LBD,3,2-3,0.0
dnn_fn,NR-AR-LBD,3,>3,0.6053921014239644
dnn_fn,NR-AR-LBD,4,0-1,0.0
dnn_fn,NR-AR-LBD,4,2-3,0.0
dnn_fn,NR-AR-LBD,4,>3,0.6121694875617633
dnn_fn,NR-AR-LBD,5,0-1,0.0
dnn_fn,NR-AR-LBD,5,2-3,0.0
dnn_fn,NR-AR-LBD,5,>3,0.6053921014239644
dnn_fn,NR-AR-LBD,6,0-1,0.0
dnn_fn,NR-AR-LBD,6,2-3,0.0
dnn_fn,NR-AR-LBD,6,>3,0.6047046613474153
dnn_fn,NR-AR-LBD,7,0-1,0.0
dnn_fn,NR-AR-LBD,7,2-3,0.0
dnn_fn,NR-AR-LBD,7,>3,0.612157678997637
dnn_fn,NR-AR-LBD,8,0-1,0.0
dnn_fn,NR-AR-LBD,8,2-3,0.0
dnn_fn,NR-AR-LBD,8,>3,0.5951932710393198
dnn_fn,NR-AR-LBD,9,0-1,0.0
dnn_fn,NR-AR-LBD,9,2-3,0.0
dnn_fn,NR-AR-LBD,9,>3,0.6388643014346597
dnn_fn,NR-AR-LBD,10,0-1,0.0
dnn_fn,NR-AR-LBD,10,2-3,0.0
dnn_fn,NR-AR-LBD,10,>3,0.6191084398911395
dnn_fn,NR-AR-LBD,11,0-1,0.0
dnn_fn,NR-AR-LBD,11,2-3,0.0
dnn_fn,NR-AR-LBD,11,>3,0.6223038904108638
dnn_fn,NR-AR-LBD,12,0-1,0.0
dnn_fn,NR-AR-LBD,12,2-3,0.0
dnn_fn,NR-AR-LBD,12,>3,0.6053921014239644
dnn_fn,NR-AR-LBD,13,0-1,0.0
dnn_fn,NR-AR-LBD,13,2-3,0.0
dnn_fn,NR-AR-LBD,13,>3,0.6087173835738083
dnn_fn,NR-AR-LBD,14,0-1,0.0
dnn_fn,NR-AR-LBD,14,2-3,0.0
dnn_fn,NR-AR-LBD,14,>3,0.5601272632306572
dnn_fn,NR-AR-LBD,15,0-1,0.0
dnn_fn,NR-AR-LBD,15,2-3,-0.07254762501100116
dnn_fn,NR-AR-LBD,15,>3,0.6324699364141023
dnn_fn,NR-AR-LBD,16,0-1,0.0
dnn_fn,NR-AR-LBD,16,2-3,0.0
dnn_fn,NR-AR-LBD,16,>3,0.6223038904108638
dnn_fn,NR-AR-LBD,17,0-1,0.0
dnn_fn,NR-AR-LBD,17,2-3,0.0
dnn_fn,NR-AR-LBD,17,>3,0.655761106297525
dnn_fn,NR-AR-LBD,18,0-1,0.0
dnn_fn,NR-AR-LBD,18,2-3,0.0
dnn_fn,NR-AR-LBD,18,>3,0.5926577791974414
dnn_fn,NR-AR-LBD,19,0-1,0.0
dnn_fn,NR-AR-LBD,19,2-3,0.0
dnn_fn,NR-AR-LBD,19,>3,0.628773249142178
dnn_fn,NR-AhR,0,0-1,0.0
dnn_fn,NR-AhR,0,2-3,-0.04490132550669373
dnn_fn,NR-AhR,0,>3,0.5746706032152699
dnn_fn,NR-AhR,1,0-1,0.0
dnn_fn,NR-AhR,1,2-3,-0.06451612903225806
dnn_fn,NR-AhR,1,>3,0.5775651944659181
dnn_fn,NR-AhR,2,0-1,0.0
dnn_fn,NR-AhR,2,2-3,-0.06451612903225806
dnn_fn,NR-AhR,2,>3,0.5616140516076776
dnn_fn,NR-AhR,3,0-1,0.0
dnn_fn,NR-AhR,3,2-3,-0.06451612903225806
dnn_fn,NR-AhR,3,>3,0.5628286144198895
dnn_fn,NR-AhR,4,0-1,0.0
dnn_fn,NR-AhR,4,2-3,-0.04490132550669373
dnn_fn,NR-AhR,4,>3,0.5661790294512399
dnn_fn,NR-AhR,5,0-1,0.0
dnn_fn,NR-AhR,5,2-3,-0.04490132550669373
dnn_fn,NR-AhR,5,>3,0.573266619684387
dnn_fn,NR-AhR,6,0-1,0.0
dnn_fn,NR-AhR,6,2-3,-0.06451612903225806
dnn_fn,NR-AhR,6,>3,0.5565527915131029
dnn_fn,NR-AhR,7,0-1,0.0
dnn_fn,NR-AhR,7,2-3,-0.04490132550669373
dnn_fn,NR-AhR,7,>3,0.5300532156227649
dnn_fn,NR-AhR,8,0-1,0.0
dnn_fn,NR-AhR,8,2-3,-0.04490132550669373
dnn_fn,NR-AhR,8,>3,0.5508603076521441
dnn_fn,NR-AhR,9,0-1,0.0
dnn_fn,NR-AhR,9,2-3,-0.08032193289024989
dnn_fn,NR-AhR,9,>3,0.5827512352108072
dnn_fn,NR-AhR,10,0-1,0.0
dnn_fn,NR-AhR,10,2-3,-0.04490132550669373
dnn_fn,NR-AhR,10,>3,0.5583910608895502
dnn_fn,NR-AhR,11,0-1,0.0
dnn_fn,NR-AhR,11,2-3,-0.04490132550669373
dnn_fn,NR-AhR,11,>3,0.5343262005056074
dnn_fn,NR-AhR,12,0-1,0.0
dnn_fn,NR-AhR,12,2-3,-0.04490132550669373
dnn_fn,NR-AhR,12,>3,0.5755003021451953
dnn_fn,NR-AhR,13,0-1,0.0
dnn_fn,NR-AhR,13,2-3,-0.04490132550669373
dnn_fn,NR-AhR,13,>3,0.5479001706597668
dnn_fn,NR-AhR,14,0-1,0.0
dnn_fn,NR-AhR,14,2-3,-0.06451612903225806
dnn_fn,NR-AhR,14,>3,0.5782537061485095
dnn_fn,NR-AhR,15,0-1,0.0
dnn_fn,NR-AhR,15,2-3,-0.04490132550669373
dnn_fn,NR-AhR,15,>3,0.5270857274067787
dnn_fn,NR-AhR,16,0-1,0.0
dnn_fn,NR-AhR,16,2-3,-0.04490132550669373
dnn_fn,NR-AhR,16,>3,0.5565672479738751
dnn_fn,NR-AhR,17,0-1,0.0
dnn_fn,NR-AhR,17,2-3,-0.04490132550669373
dnn_fn,NR-AhR,17,>3,0.5244730626873862
dnn_fn,NR-AhR,18,0-1,0.0
dnn_fn,NR-AhR,18,2-3,-0.04490132550669373
dnn_fn,NR-AhR,18,>3,0.5961805873022172
dnn_fn,NR-AhR,19,0-1,0.0
dnn_fn,NR-AhR,19,2-3,-0.04490132550669373
dnn_fn,NR-AhR,19,>3,0.5436328379008643
dnn_fn,NR-ER,0,0-1,0.0
dnn_fn,NR-ER,0,2-3,0.0
dnn_fn,NR-ER,0,>3,0.3985397702936219
dnn_fn,NR-ER,1,0-1,0.0
dnn_fn,NR-ER,1,2-3,0.0
dnn_fn,NR-ER,1,>3,0.4297444645655663
dnn_fn,NR-ER,2,0-1,0.0
dnn_fn,NR-ER,2,2-3,0.0
dnn_fn,NR-ER,2,>3,0.4655516074150268
dnn_fn,NR-ER,3,0-1,0.0
dnn_fn,NR-ER,3,2-3,0.0
dnn_fn,NR-ER,3,>3,0.4355724455061217
dnn_fn,NR-ER,4,0-1,0.0
dnn_fn,NR-ER,4,2-3,0.0
dnn_fn,NR-ER,4,>3,0.4433362984318262
dnn_fn,NR-ER,5,0-1,0.0
dnn_fn,NR-ER,5,2-3,0.0
dnn_fn,NR-ER,5,>3,0.45012958263642555
dnn_fn,NR-ER,6,0-1,0.0
dnn_fn,NR-ER,6,2-3,0.0
dnn_fn,NR-ER,6,>3,0.43288564487040254
dnn_fn,NR-ER,7,0-1,0.0
dnn_fn,NR-ER,7,2-3,0.0
dnn_fn,NR-ER,7,>3,0.45579012979178996
dnn_fn,NR-ER,8,0-1,0.0
dnn_fn,NR-ER,8,2-3,0.0
dnn_fn,NR-ER,8,>3,0.4474555808938169
dnn_fn,NR-ER,9,0-1,0.0
dnn_fn,NR-ER,9,2-3,0.0
dnn_fn,NR-ER,9,>3,0.45372930873079836
dnn_fn,NR-ER,10,0-1,0.0
dnn_fn,NR-ER,10,2-3,0.0
dnn_fn,NR-ER,10,>3,0.44916552754990147
dnn_fn,NR-ER,11,0-1,0.0
dnn_fn,NR-ER,11,2-3,0.0
dnn_fn,NR-ER,11,>3,0.40838628141856215
dnn_fn,NR-ER,12,0-1,0.0
dnn_fn,NR-ER,12,2-3,0.0
dnn_fn,NR-ER,12,>3,0.4413734939409241
dnn_fn,NR-ER,13,0-1,0.0
dnn_fn,NR-ER,13,2-3,0.0
dnn_fn,NR-ER,13,>3,0.40703629654108764
dnn_fn,NR-ER,14,0-1,0.0
dnn_fn,NR-ER,14,2-3,0.0
dnn_fn,NR-ER,14,>3,0.4297444645655663
dnn_fn,NR-ER,15,0-1,0.0
dnn_fn,NR-ER,15,2-3,0.0
dnn_fn,NR-ER,15,>3,0.43677093096910197
dnn_fn,NR-ER,16,0-1,0.0
dnn_fn,NR-ER,16,2-3,0.0
dnn_fn,NR-ER,16,>3,0.4269568580900583
dnn_fn,NR-ER,17,0-1,0.0
dnn_fn,NR-ER,17,2-3,0.0
dnn_fn,NR-ER,17,>3,0.4413734939409241
dnn_fn,NR-ER,18,0-1,0.0
dnn_fn,NR-ER,18,2-3,0.0
dnn_fn,NR-ER,18,>3,0.41254022223919246
dnn_fn,NR-ER,19,0-1,0.0
dnn_fn,NR-ER,19,2-3,0.0
dnn_fn,NR-ER,19,>3,0.43350353635852534
dnn_fn,NR-ER-LBD,0,0-1,0.0
dnn_fn,NR-ER-LBD,0,2-3,0.0
dnn_fn,NR-ER-LBD,0,>3,0.6780739619037407
dnn_fn,NR-ER-LBD,1,0-1,1.0
dnn_fn,NR-ER-LBD,1,2-3,0.0
dnn_fn,NR-ER-LBD,1,>3,0.669264384973525
dnn_fn,NR-ER-LBD,2,0-1,0.0
dnn_fn,NR-ER-LBD,2,2-3,0.0
dnn_fn,NR-ER-LBD,2,>3,0.7027486201042998
dnn_fn,NR-ER-LBD,3,0-1,0.0
dnn_fn,NR-ER-LBD,3,2-3,0.0
dnn_fn,NR-ER-LBD,3,>3,0.7191005840735436
dnn_fn,NR-ER-LBD,4,0-1,0.0
dnn_fn,NR-ER-LBD,4,2-3,0.0
dnn_fn,NR-ER-LBD,4,>3,0.7191005840735436
dnn_fn,NR-ER-LBD,5,0-1,0.0
dnn_fn,NR-ER-LBD,5,2-3,0.6963106238227914
dnn_fn,NR-ER-LBD,5,>3,0.6769546261562496
dnn_fn,NR-ER-LBD,6,0-1,0.0
dnn_fn,NR-ER-LBD,6,2-3,0.0
dnn_fn,NR-ER-LBD,6,>3,0.7027486201042998
dnn_fn,NR-ER-LBD,7,0-1,0.0
dnn_fn,NR-ER-LBD,7,2-3,0.0
dnn_fn,NR-ER-LBD,7,>3,0.7191005840735436
dnn_fn,NR-ER-LBD,8,0-1,0.0
dnn_fn,NR-ER-LBD,8,2-3,0.0
dnn_fn,NR-ER-LBD,8,>3,0.7068035090262831
dnn_fn,NR-ER-LBD,9,0-1,0.0
dnn_fn,NR-ER-LBD,9,2-3,0.0
dnn_fn,NR-ER-LBD,9,>3,0.7274679527031164
dnn_fn,NR-ER-LBD,10,0-1,0.0
dnn_fn,NR-ER-LBD,10,2-3,0.0
dnn_fn,NR-ER-LBD,10,>3,0.6923737790650011
dnn_fn,NR-ER-LBD,11,0-1,0.0
dnn_fn,NR-ER-LBD,11,2-3,0.0
dnn_fn,NR-ER-LBD,11,>3,0.7326261972631647
dnn_fn,NR-ER-LBD,12,0-1,0.0
dnn_fn,NR-ER-LBD,12,2-3,0.0
dnn_fn,NR-ER-LBD,12,>3,0.6973504267991611
dnn_fn,NR-ER-LBD,13,0-1,0.0
dnn_fn,NR-ER-LBD,13,2-3,0.0
dnn_fn,NR-ER-LBD,13,>3,0.716277218604613
dnn_fn,NR-ER-LBD,14,0-1,0.0
dnn_fn,NR-ER-LBD,14,2-3,0.0
dnn_fn,NR-ER-LBD,14,>3,0.6210596275526807
dnn_fn,NR-ER-LBD,15,0-1,0.0
dnn_fn,NR-ER-LBD,15,2-3,0.0
dnn_fn,NR-ER-LBD,15,>3,0.6576278365077307
dnn_fn,NR-ER-LBD,16,0-1,0.0
dnn_fn,NR-ER-LBD,16,2-3,0.0
dnn_fn,NR-ER-LBD,16,>3,0.6654746216726165
dnn_fn,NR-ER-LBD,17,0-1,0.0
dnn_fn,NR-ER-LBD,17,2-3,0.0
dnn_fn,NR-ER-LBD,17,>3,0.6500263665492255
dnn_fn,NR-ER-LBD,18,0-1,0.0
dnn_fn,NR-ER-LBD,18,2-3,0.0
dnn_fn,NR-ER-LBD,18,>3,0.6819604401836356
dnn_fn,NR-ER-LBD,19,0-1,0.0
dnn_fn,NR-ER-LBD,19,2-3,0.6963106238227914
dnn_fn,NR-ER-LBD,19,>3,0.6801928067666972
dnn_fn,NR-PPAR-gamma,0,0-1,0.0
dnn_fn,NR-PPAR-gamma,0,2-3,0.5423261445466404
dnn_fn,NR-PPAR-gamma,0,>3,0.35706334763236414
dnn_fn,NR-PPAR-gamma,1,0-1,0.0
dnn_fn,NR-PPAR-gamma,1,2-3,0.5423261445466404
dnn_fn,NR-PPAR-gamma,1,>3,0.38759439605772045
dnn_fn,NR-PPAR-gamma,2,0-1,0.0
dnn_fn,NR-PPAR-gamma,2,2-3,0.5423261445466404
dnn_fn,NR-PPAR-gamma,2,>3,0.3719378444549248
dnn_fn,NR-PPAR-gamma,3,0-1,0.0
dnn_fn,NR-PPAR-gamma,3,2-3,0.5423261445466404
dnn_fn,NR-PPAR-gamma,3,>3,0.3712929782987453
dnn_fn,NR-PPAR-gamma,4,0-1,0.0
dnn_fn,NR-PPAR-gamma,4,2-3,0.5423261445466404
dnn_fn,NR-PPAR-gamma,4,>3,0.3534194738614621
dnn_fn,NR-PPAR-gamma,5,0-1,0.0
dnn_fn,NR-PPAR-gamma,5,2-3,0.5423261445466404
dnn_fn,NR-PPAR-gamma,5,>3,0.38872505350517805
dnn_fn,NR-PPAR-gamma,6,0-1,0.0
dnn_fn,NR-PPAR-gamma,6,2-3,0.5423261445466404
dnn_fn,NR-PPAR-gamma,6,>3,0.35706334763236414
dnn_fn,NR-PPAR-gamma,7,0-1,0.0
dnn_fn,NR-PPAR-gamma,7,2-3,0.5423261445466404
dnn_fn,NR-PPAR-gamma,7,>3,0.38872505350517805
dnn_fn,NR-PPAR-gamma,8,0-1,0.0
dnn_fn,NR-PPAR-gamma,8,2-3,0.5423261445466404
dnn_fn,NR-PPAR-gamma,8,>3,0.41971458853935184
dnn_fn,NR-PPAR-gamma,9,0-1,0.0
dnn_fn,NR-PPAR-gamma,9,2-3,0.5423261445466404
dnn_fn,NR-PPAR-gamma,9,>3,0.41971458853935184
dnn_fn,NR-PPAR-gamma,10,0-1,0.0
dnn_fn,NR-PPAR-gamma,10,2-3,0.5423261445466404
dnn_fn,NR-PPAR-gamma,10,>3,0.3167914402030027
dnn_fn,NR-PPAR-gamma,11,0-1,0.0
dnn_fn,NR-PPAR-gamma,11,2-3,0.5423261445466404
dnn_fn,NR-PPAR-gamma,11,>3,0.3534194738614621
dnn_fn,NR-PPAR-gamma,12,0-1,0.0
dnn_fn,NR-PPAR-gamma,12,2-3,0.5423261445466404
dnn_fn,NR-PPAR-gamma,12,>3,0.3534194738614621
dnn_fn,NR-PPAR-gamma,13,0-1,0.0
dnn_fn,NR-PPAR-gamma,13,2-3,0.5423261445466404
dnn_fn,NR-PPAR-gamma,13,>3,0.3719378444549248
dnn_fn,NR-PPAR-gamma,14,0-1,0.0
dnn_fn,NR-PPAR-gamma,14,2-3,0.5423261445466404
dnn_fn,NR-PPAR-gamma,14,>3,0.4379740973421761
dnn_fn,NR-PPAR-gamma,15,0-1,0.0
dnn_fn,NR-PPAR-gamma,15,2-3,0.5423261445466404
dnn_fn,NR-PPAR-gamma,15,>3,0.3167914402030027
dnn_fn,NR-PPAR-gamma,16,0-1,0.0
dnn_fn,NR-PPAR-gamma,16,2-3,0.5423261445466404
dnn_fn,NR-PPAR-gamma,16,>3,0.41971458853935184
dnn_fn,NR-PPAR-gamma,17,0-1,0.0
dnn_fn,NR-PPAR-gamma,17,2-3,0.5423261445466404
dnn_fn,NR-PPAR-gamma,17,>3,0.3372146947732648
dnn_fn,NR-PPAR-gamma,18,0-1,0.0
dnn_fn,NR-PPAR-gamma,18,2-3,0.5423261445466404
dnn_fn,NR-PPAR-gamma,18,>3,0.35706334763236414
dnn_fn,NR-PPAR-gamma,19,0-1,0.0
dnn_fn,NR-PPAR-gamma,19,2-3,0.5423261445466404
dnn_fn,NR-PPAR-gamma,19,>3,0.3167914402030027
dnn_fn,SR-ARE,0,0-1,0.2677531554766716
dnn_fn,SR-ARE,0,2-3,0.2721655269759087
dnn_fn,SR-ARE,0,>3,0.47572508844334704
dnn_fn,SR-ARE,1,0-1,0.3212631989025184
dnn_fn,SR-ARE,1,2-3,-0.10206207261596577
dnn_fn,SR-ARE,1,>3,0.5215223517587776
dnn_fn,SR-ARE,2,0-1,0.2751133672579203
dnn_fn,SR-ARE,2,2-3,0.4082482904638631
dnn_fn,SR-ARE,2,>3,0.48116862172019653
dnn_fn,SR-ARE,3,0-1,0.3355161062819506
dnn_fn,SR-ARE,3,2-3,0.0890870806374748
dnn_fn,SR-ARE,3,>3,0.5018388131780548
dnn_fn,SR-ARE,4,0-1,0.277863709845348
dnn_fn,SR-ARE,4,2-3,0.16666666666666666
dnn_fn,SR-ARE,4,>3,0.47387706647888
dnn_fn,SR-ARE,5,0-1,0.18603921872748497
dnn_fn,SR-ARE,5,2-3,0.2721655269759087
dnn_fn,SR-ARE,5,>3,0.5051526914593879
dnn_fn,SR-ARE,6,0-1,-0.07108071423572764
dnn_fn,SR-ARE,6,2-3,-0.10206207261596577
dnn_fn,SR-ARE,6,>3,0.5237956607736278
dnn_fn,SR-ARE,7,0-1,0.24027660143532453
dnn_fn,SR-ARE,7,2-3,0.2721655269759087
dnn_fn,SR-ARE,7,>3,0.4996884138247466
dnn_fn,SR-ARE,8,0-1,0.36333572031679523
dnn_fn,SR-ARE,8,2-3,0.4082482904638631
dnn_fn,SR-ARE,8,>3,0.4985941284851814
dnn_fn,SR-ARE,9,0-1,0.2751133672579203
dnn_fn,SR-ARE,9,2-3,0.2721655269759087
dnn_fn,SR-ARE,9,>3,0.4996884138247466
dnn_fn,SR-ARE,10,0-1,0.29048228889028355
dnn_fn,SR-ARE,10,2-3,-0.10206207261596577
dnn_fn,SR-ARE,10,>3,0.5356359967204262
dnn_fn,SR-ARE,11,0-1,0.40087947800439816
dnn_fn,SR-ARE,11,2-3,0.2721655269759087
dnn_fn,SR-ARE,11,>3,0.4919174909334395
dnn_fn,SR-ARE,12,0-1,0.24027660143532453
dnn_fn,SR-ARE,12,2-3,0.2721655269759087
dnn_fn,SR-ARE,12,>3,0.48440504791022876
dnn_fn,SR-ARE,13,0-1,0.3106733652752258
dnn_fn,SR-ARE,13,2-3,0.0890870806374748
dnn_fn,SR-ARE,13,>3,0.4954277786079533
dnn_fn,SR-ARE,14,0-1,0.29048228889028355
dnn_fn,SR-ARE,14,2-3,-0.10206207261596577
dnn_fn,SR-ARE,14,>3,0.5022614651045021
dnn_fn,SR-ARE,15,0-1,0.29048228889028355
dnn_fn,SR-ARE,15,2-3,-0.10206207261596577
dnn_fn,SR-ARE,15,>3,0.4791617215964436
dnn_fn,SR-ARE,16,0-1,0.2751133672579203
dnn_fn,SR-ARE,16,2-3,0.2721655269759087
dnn_fn,SR-ARE,16,>3,0.5049049384533434
dnn_fn,SR-ARE,17,0-1,0.2882298424467099
dnn_fn,SR-ARE,17,2-3,0.25
dnn_fn,SR-ARE,17,>3,0.485780932826952
dnn_fn,SR-ARE,18,0-1,0.10096843394079151
dnn_fn,SR-ARE,18,2-3,0.2721655269759087
dnn_fn,SR-ARE,18,>3,0.5259176287705589
dnn_fn,SR-ARE,19,0-1,0.12657063029731422
dnn_fn,SR-ARE,19,2-3,0.25
dnn_fn,SR-ARE,19,>3,0.46168798745831807
dnn_fn,SR-ATAD5,0,0-1,0.0
dnn_fn,SR-ATAD5,0,2-3,0.4743416490252569
dnn_fn,SR-ATAD5,0,>3,0.42886064783820316
dnn_fn,SR-ATAD5,1,0-1,0.0
dnn_fn,SR-ATAD5,1,2-3,0.0
dnn_fn,SR-ATAD5,1,>3,0.387778570325948
dnn_fn,SR-ATAD5,2,0-1,0.0
dnn_fn,SR-ATAD5,2,2-3,0.4743416490252569
dnn_fn,SR-ATAD5,2,>3,0.43463601948167735
dnn_fn,SR-ATAD5,3,0-1,0.0
dnn_fn,SR-ATAD5,3,2-3,0.4743416490252569
dnn_fn,SR-ATAD5,3,>3,0.39758253177900876
dnn_fn,SR-ATAD5,4,0-1,0.0
dnn_fn,SR-ATAD5,4,2-3,0.0
dnn_fn,SR-ATAD5,4,>3,0.4480716128884601
dnn_fn,SR-ATAD5,5,0-1,0.0
dnn_fn,SR-ATAD5,5,2-3,0.4743416490252569
dnn_fn,SR-ATAD5,5,>3,0.3545925896517407
dnn_fn,SR-ATAD5,6,0-1,0.0
dnn_fn,SR-ATAD5,6,2-3,0.4743416490252569
dnn_fn,SR-ATAD5,6,>3,0.4149425373863953
dnn_fn,SR-ATAD5,7,0-1,0.0
dnn_fn,SR-ATAD5,7,2-3,-0.07027283689263066
dnn_fn,SR-ATAD5,7,>3,0.49867052866267936
dnn_fn,SR-ATAD5,8,0-1,0.0
dnn_fn,SR-ATAD5,8,2-3,0.0
dnn_fn,SR-ATAD5,8,>3,0.4568961109272353
dnn_fn,SR-ATAD5,9,0-1,0.0
dnn_fn,SR-ATAD5,9,2-3,0.4743416490252569
dnn_fn,SR-ATAD5,9,>3,0.47731898497779907
dnn_fn,SR-ATAD5,10,0-1,0.0
dnn_fn,SR-ATAD5,10,2-3,0.4743416490252569
dnn_fn,SR-ATAD5,10,>3,0.34673522260904754
dnn_fn,SR-ATAD5,11,0-1,0.0
dnn_fn,SR-ATAD5,11,2-3,0.0
dnn_fn,SR-ATAD5,11,>3,0.4579667067136142
dnn_fn,SR-ATAD5,12,0-1,0.0
dnn_fn,SR-ATAD5,12,2-3,-0.07027283689263066
dnn_fn,SR-ATAD5,12,>3,0.4508220060544196
dnn_fn,SR-ATAD5,13,0-1,0.0
dnn_fn,SR-ATAD5,13,2-3,0.29060425003857965
dnn_fn,SR-ATAD5,13,>3,0.43463601948167735
dnn_fn,SR-ATAD5,14,0-1,0.0
dnn_fn,SR-ATAD5,14,2-3,0.29060425003857965
dnn_fn,SR-ATAD5,14,>3,0.427851264288659
dnn_fn,SR-ATAD5,15,0-1,0.0
dnn_fn,SR-ATAD5,15,2-3,0.29060425003857965
dnn_fn,SR-ATAD5,15,>3,0.4042434129590026
dnn_fn,SR-ATAD5,16,0-1,0.0
dnn_fn,SR-ATAD5,16,2-3,0.4743416490252569
dnn_fn,SR-ATAD5,16,>3,0.4402887440800345
dnn_fn,SR-ATAD5,17,0-1,0.0
dnn_fn,SR-ATAD5,17,2-3,0.4743416490252569
dnn_fn,SR-ATAD5,17,>3,0.466666075781327
dnn_fn,SR-ATAD5,18,0-1,0.0
dnn_fn,SR-ATAD5,18,2-3,0.4743416490252569
dnn_fn,SR-ATAD5,18,>3,0.40241894538091516
dnn_fn,SR-ATAD5,19,0-1,0.0
dnn_fn,SR-ATAD5,19,2-3,0.4743416490252569
dnn_fn,SR-ATAD5,19,>3,0.4251629890028684
dnn_fn,SR-HSE,0,0-1,-0.027688900037376646
dnn_fn,SR-HSE,0,2-3,0.50709255283711
dnn_fn,SR-HSE,0,>3,0.4549757619127289
dnn_fn,SR-HSE,1,0-1,-0.027688900037376646
dnn_fn,SR-HSE,1,2-3,0.39477101697586137
dnn_fn,SR-HSE,1,>3,0.46979826029254096
dnn_fn,SR-HSE,2,0-1,-0.056313829183370835
dnn_fn,SR-HSE,2,2-3,0.39477101697586137
dnn_fn,SR-HSE,2,>3,0.44437240018232066
dnn_fn,SR-HSE,3,0-1,0.19936606554975947
dnn_fn,SR-HSE,3,2-3,0.39477101697586137
dnn_fn,SR-HSE,3,>3,0.4854847515340465
dnn_fn,SR-HSE,4,0-1,-0.039374961547907886
dnn_fn,SR-HSE,4,2-3,0.39477101697586137
dnn_fn,SR-HSE,4,>3,0.38791229070746297
dnn_fn,SR-HSE,5,0-1,-0.039374961547907886
dnn_fn,SR-HSE,5,2-3,0.2672612419124244
dnn_fn,SR-HSE,5,>3,0.4120285660921329
dnn_fn,SR-HSE,6,0-1,-0.039374961547907886
dnn_fn,SR-HSE,6,2-3,0.50709255283711
dnn_fn,SR-HSE,6,>3,0.4307878028895472
dnn_fn,SR-HSE,7,0-1,-0.039374961547907886
dnn_fn,SR-HSE,7,2-3,0.39477101697586137
dnn_fn,SR-HSE,7,>3,0.48012049296660425
dnn_fn,SR-HSE,8,0-1,0.15955584935288403
dnn_fn,SR-HSE,8,2-3,0.50709255283711
dnn_fn,SR-HSE,8,>3,0.3797808788521948
dnn_fn,SR-HSE,9,0-1,-0.056313829183370835
dnn_fn,SR-HSE,9,2-3,0.50709255283711
dnn_fn,SR-HSE,9,>3,0.46504069850588037
dnn_fn,SR-HSE,10,0-1,-0.039374961547907886
dnn_fn,SR-HSE,10,2-3,0.39477101697586137
dnn_fn,SR-HSE,10,>3,0.46361229775723783
dnn_fn,SR-HSE,11,0-1,-0.04849444837696852
dnn_fn,SR-HSE,11,2-3,0.50709255283711
dnn_fn,SR-HSE,11,>3,0.3978126736919009
dnn_fn,SR-HSE,12,0-1,-0.039374961547907886
dnn_fn,SR-HSE,12,2-3,0.39477101697586137
dnn_fn,SR-HSE,12,>3,0.4065918483574943
dnn_fn,SR-HSE,13,0-1,-0.04849444837696852
dnn_fn,SR-HSE,13,2-3,0.2672612419124244
dnn_fn,SR-HSE,13,>3,0.4775428578335919
dnn_fn,SR-HSE,14,0-1,0.0
dnn_fn,SR-HSE,14,2-3,0.39477101697586137
dnn_fn,SR-HSE,14,>3,0.4742308791091466
dnn_fn,SR-HSE,15,0-1,-0.027688900037376646
dnn_fn,SR-HSE,15,2-3,0.39477101697586137
dnn_fn,SR-HSE,15,>3,0.4208155796080812
dnn_fn,SR-HSE,16,0-1,-0.027688900037376646
dnn_fn,SR-HSE,16,2-3,0.2672612419124244
dnn_fn,SR-HSE,16,>3,0.4208155796080812
dnn_fn,SR-HSE,17,0-1,-0.027688900037376646
dnn_fn,SR-HSE,17,2-3,0.2672612419124244
dnn_fn,SR-HSE,17,>3,0.3948699663159034
dnn_fn,SR-HSE,18,0-1,-0.027688900037376646
dnn_fn,SR-HSE,18,2-3,0.50709255283711
dnn_fn,SR-HSE,18,>3,0.39415324217609454
dnn_fn,SR-HSE,19,0-1,-0.056313829183370835
dnn_fn,SR-HSE,19,2-3,0.50709255283711
dnn_fn,SR-HSE,19,>3,0.4021666143890441
dnn_fn,SR-MMP,0,0-1,0.0
dnn_fn,SR-MMP,0,2-3,0.279078152825719
dnn_fn,SR-MMP,0,>3,0.5621433710114191
dnn_fn,SR-MMP,1,0-1,0.0
dnn_fn,SR-MMP,1,2-3,0.279078152825719
dnn_fn,SR-MMP,1,>3,0.5569809177049247
dnn_fn,SR-MMP,2,0-1,0.0
dnn_fn,SR-MMP,2,2-3,0.3347193406976015
dnn_fn,SR-MMP,2,>3,0.6020490058807872
dnn_fn,SR-MMP,3,0-1,0.0
dnn_fn,SR-MMP,3,2-3,-0.12171612389003691
dnn_fn,SR-MMP,3,>3,0.5718821465270622
dnn_fn,SR-MMP,4,0-1,0.0
dnn_fn,SR-MMP,4,2-3,0.2412090756622109
dnn_fn,SR-MMP,4,>3,0.5982981735211923
dnn_fn,SR-MMP,5,0-1,0.0
dnn_fn,SR-MMP,5,2-3,0.22360679774997896
dnn_fn,SR-MMP,5,>3,0.6095828495125334
dnn_fn,SR-MMP,6,0-1,0.0
dnn_fn,SR-MMP,6,2-3,0.279078152825719
dnn_fn,SR-MMP,6,>3,0.5583892706910231
dnn_fn,SR-MMP,7,0-1,0.0
dnn_fn,SR-MMP,7,2-3,0.4472135954999579
dnn_fn,SR-MMP,7,>3,0.5655032564873963
dnn_fn,SR-MMP,8,0-1,0.0
dnn_fn,SR-MMP,8,2-3,-0.03015113445777636
dnn_fn,SR-MMP,8,>3,0.6155105034985265
dnn_fn,SR-MMP,9,0-1,0.0
dnn_fn,SR-MMP,9,2-3,0.3347193406976015
dnn_fn,SR-MMP,9,>3,0.5432192851697621
dnn_fn,SR-MMP,10,0-1,0.0
dnn_fn,SR-MMP,10,2-3,0.16666666666666666
dnn_fn,SR-MMP,10,>3,0.4735352798767212
dnn_fn,SR-MMP,11,0-1,0.0
dnn_fn,SR-MMP,11,2-3,0.3347193406976015
dnn_fn,SR-MMP,11,>3,0.5796827254545954
dnn_fn,SR-MMP,12,0-1,0.0
dnn_fn,SR-MMP,12,2-3,-0.03015113445777636
dnn_fn,SR-MMP,12,>3,0.6081149235931271
dnn_fn,SR-MMP,13,0-1,0.0
dnn_fn,SR-MMP,13,2-3,0.3347193406976015
dnn_fn,SR-MMP,13,>3,0.5952487122525134
dnn_fn,SR-MMP,14,0-1,0.0
dnn_fn,SR-MMP,14,2-3,0.18090680674665818
dnn_fn,SR-MMP,14,>3,0.5648068238147892
dnn_fn,SR-MMP,15,0-1,0.0
dnn_fn,SR-MMP,15,2-3,0.03015113445777636
dnn_fn,SR-MMP,15,>3,0.5448697517832014
dnn_fn,SR-MMP,16,0-1,0.0
dnn_fn,SR-MMP,16,2-3,0.3042903097250923
dnn_fn,SR-MMP,16,>3,0.5984905054201696
dnn_fn,SR-MMP,17,0-1,0.0
dnn_fn,SR-MMP,17,2-3,0.18090680674665818
dnn_fn,SR-MMP,17,>3,0.5936494335935073
dnn_fn,SR-MMP,18,0-1,0.0
dnn_fn,SR-MMP,18,2-3,0.22360679774997896
dnn_fn,SR-MMP,18,>3,0.5757432026056263
dnn_fn,SR-MMP,19,0-1,0.0
dnn_fn,SR-MMP,19,2-3,0.4
dnn_fn,SR-MMP,19,>3,0.5534182894499697
dnn_fn,SR-p53,0,0-1,0.0
dnn_fn,SR-p53,0,2-3,0.08058229640253803
dnn_fn,SR-p53,0,>3,0.289845819933841
dnn_fn,SR-p53,1,0-1,0.0
dnn_fn,SR-p53,1,2-3,0.3223291856101521
dnn_fn,SR-p53,1,>3,0.2939354104694531
dnn_fn,SR-p53,2,0-1,0.0
dnn_fn,SR-p53,2,2-3,0.4947274449181537
dnn_fn,SR-p53,2,>3,0.3134508726281184
dnn_fn,SR-p53,3,0-1,0.0
dnn_fn,SR-p53,3,2-3,0.24029618753167464
dnn_fn,SR-p53,3,>3,0.33423652997247927
dnn_fn,SR-p53,4,0-1,0.0
dnn_fn,SR-p53,4,2-3,0.08058229640253803
dnn_fn,SR-p53,4,>3,0.3445041728548028
dnn_fn,SR-p53,5,0-1,0.0
dnn_fn,SR-p53,5,2-3,0.24029618753167464
dnn_fn,SR-p53,5,>3,0.31410674202070726
dnn_fn,SR-p53,6,0-1,0.0
dnn_fn,SR-p53,6,2-3,0.24029618753167464
dnn_fn,SR-p53,6,>3,0.3211094807417195
dnn_fn,SR-p53,7,0-1,0.0
dnn_fn,SR-p53,7,2-3,0.08058229640253803
dnn_fn,SR-p53,7,>3,0.28400141699498216
dnn_fn,SR-p53,8,0-1,0.0
dnn_fn,SR-p53,8,2-3,0.16883116883116883
dnn_fn,SR-p53,8,>3,0.3787203629431426
dnn_fn,SR-p53,9,0-1,0.0
dnn_fn,SR-p53,9,2-3,0.4264014327112209
dnn_fn,SR-p53,9,>3,0.29920594031430786
dnn_fn,SR-p53,10,0-1,0.0
dnn_fn,SR-p53,10,2-3,0.2820380374088831
dnn_fn,SR-p53,10,>3,0.3513804185185856
dnn_fn,SR-p53,11,0-1,0.0
dnn_fn,SR-p53,11,2-3,0.24029618753167464
dnn_fn,SR-p53,11,>3,0.3693341766317324
dnn_fn,SR-p53,12,0-1,0.0
dnn_fn,SR-p53,12,2-3,0.2820380374088831
dnn_fn,SR-p53,12,>3,0.3065520258830414
dnn_fn,SR-p53,13,0-1,0.0
dnn_fn,SR-p53,13,2-3,0.08058229640253803
dnn_fn,SR-p53,13,>3,0.32036741006468716
dnn_fn,SR-p53,14,0-1,0.0
dnn_fn,SR-p53,14,2-3,0.11396057645963795
dnn_fn,SR-p53,14,>3,0.3185473647487985
dnn_fn,SR-p53,15,0-1,0.0
dnn_fn,SR-p53,15,2-3,-0.01413506985480439
dnn_fn,SR-p53,15,>3,0.2826998838886051
dnn_fn,SR-p53,16,0-1,0.0
dnn_fn,SR-p53,16,2-3,-0.01413506985480439
dnn_fn,SR-p53,16,>3,0.3291232830443346
dnn_fn,SR-p53,17,0-1,0.0
dnn_fn,SR-p53,17,2-3,0.2820380374088831
dnn_fn,SR-p53,17,>3,0.2963862882364859
dnn_fn,SR-p53,18,0-1,0.0
dnn_fn,SR-p53,18,2-3,0.2820380374088831
dnn_fn,SR-p53,18,>3,0.3249566162340717
dnn_fn,SR-p53,19,0-1,0.0
dnn_fn,SR-p53,19,2-3,0.15228622596829317
dnn_fn,SR-p53,19,>3,0.33799703867053327
dnn_fn,NR-Aromatase,0,0-1,0.0
dnn_fn,NR-Aromatase,0,2-3,0.0
dnn_fn,NR-Aromatase,0,>3,0.41819697884481927
dnn_fn,NR-Aromatase,1,0-1,0.0
dnn_fn,NR-Aromatase,1,2-3,0.0
dnn_fn,NR-Aromatase,1,>3,0.3983957946853638
dnn_fn,NR-Aromatase,2,0-1,0.0
dnn_fn,NR-Aromatase,2,2-3,0.0
dnn_fn,NR-Aromatase,2,>3,0.42718055518845804
dnn_fn,NR-Aromatase,3,0-1,0.0
dnn_fn,NR-Aromatase,3,2-3,0.0
dnn_fn,NR-Aromatase,3,>3,0.4251760999814865
dnn_fn,NR-Aromatase,4,0-1,0.0
dnn_fn,NR-Aromatase,4,2-3,0.0
dnn_fn,NR-Aromatase,4,>3,0.44004016076184754
dnn_fn,NR-Aromatase,5,0-1,0.0
dnn_fn,NR-Aromatase,5,2-3,0.0
dnn_fn,NR-Aromatase,5,>3,0.4336892046018443
dnn_fn,NR-Aromatase,6,0-1,0.0
dnn_fn,NR-Aromatase,6,2-3,0.0
dnn_fn,NR-Aromatase,6,>3,0.36025878555031654
dnn_fn,NR-Aromatase,7,0-1,0.0
dnn_fn,NR-Aromatase,7,2-3,0.0
dnn_fn,NR-Aromatase,7,>3,0.36564806150852974
dnn_fn,NR-Aromatase,8,0-1,0.0
dnn_fn,NR-Aromatase,8,2-3,0.0
dnn_fn,NR-Aromatase,8,>3,0.3299531503556192
dnn_fn,NR-Aromatase,9,0-1,0.0
dnn_fn,NR-Aromatase,9,2-3,0.0
dnn_fn,NR-Aromatase,9,>3,0.34160056663011834
dnn_fn,NR-Aromatase,10,0-1,0.0
dnn_fn,NR-Aromatase,10,2-3,0.0
dnn_fn,NR-Aromatase,10,>3,0.3125573638612601
dnn_fn,NR-Aromatase,11,0-1,0.0
dnn_fn,NR-Aromatase,11,2-3,0.0
dnn_fn,NR-Aromatase,11,>3,0.3478329176670009
dnn_fn,NR-Aromatase,12,0-1,0.0
dnn_fn,NR-Aromatase,12,2-3,0.0
dnn_fn,NR-Aromatase,12,>3,0.3855421687516563
dnn_fn,NR-Aromatase,13,0-1,0.0
dnn_fn,NR-Aromatase,13,2-3,0.0
dnn_fn,NR-Aromatase,13,>3,0.356202925729193
dnn_fn,NR-Aromatase,14,0-1,0.0
dnn_fn,NR-Aromatase,14,2-3,0.0
dnn_fn,NR-Aromatase,14,>3,0.42883967623342156
dnn_fn,NR-Aromatase,15,0-1,0.0
dnn_fn,NR-Aromatase,15,2-3,0.0
dnn_fn,NR-Aromatase,15,>3,0.42690894816370667
dnn_fn,NR-Aromatase,16,0-1,0.0
dnn_fn,NR-Aromatase,16,2-3,0.0
dnn_fn,NR-Aromatase,16,>3,0.2679832903940627
dnn_fn,NR-Aromatase,17,0-1,0.0
dnn_fn,NR-Aromatase,17,2-3,0.0
dnn_fn,NR-Aromatase,17,>3,0.43203339874583613
dnn_fn,NR-Aromatase,18,0-1,0.0
dnn_fn,NR-Aromatase,18,2-3,0.0
dnn_fn,NR-Aromatase,18,>3,0.40747383125873454
dnn_fn,NR-Aromatase,19,0-1,0.0
dnn_fn,NR-Aromatase,19,2-3,0.0
dnn_fn,NR-Aromatase,19,>3,0.4169460691326618
macau,NR-AR,0,0-1,0.0
macau,NR-AR,0,2-3,0.0
macau,NR-AR,0,>3,0.6409930998219127
macau,NR-AR,1,0-1,0.0
macau,NR-AR,1,2-3,0.0
macau,NR-AR,1,>3,0.6409930998219127
macau,NR-AR,2,0-1,0.0
macau,NR-AR,2,2-3,0.0
macau,NR-AR,2,>3,0.6409930998219127
macau,NR-AR,3,0-1,0.0
macau,NR-AR,3,2-3,0.0
macau,NR-AR,3,>3,0.6278181828330381
macau,NR-AR,4,0-1,0.0
macau,NR-AR,4,2-3,0.0
macau,NR-AR,4,>3,0.6278181828330381
macau,NR-AR,5,0-1,0.0
macau,NR-AR,5,2-3,0.0
macau,NR-AR,5,>3,0.6278181828330381
macau,NR-AR,6,0-1,0.0
macau,NR-AR,6,2-3,0.0
macau,NR-AR,6,>3,0.6409930998219127
macau,NR-AR,7,0-1,0.0
macau,NR-AR,7,2-3,0.0
macau,NR-AR,7,>3,0.6278181828330381
macau,NR-AR,8,0-1,0.0
macau,NR-AR,8,2-3,0.0
macau,NR-AR,8,>3,0.6107563843845476
macau,NR-AR,9,0-1,0.0
macau,NR-AR,9,2-3,0.0
macau,NR-AR,9,>3,0.6278181828330381
macau,NR-AR,10,0-1,0.0
macau,NR-AR,10,2-3,0.0
macau,NR-AR,10,>3,0.6278181828330381
macau,NR-AR,11,0-1,0.0
macau,NR-AR,11,2-3,0.0
macau,NR-AR,11,>3,0.6278181828330381
macau,NR-AR,12,0-1,0.0
macau,NR-AR,12,2-3,0.0
macau,NR-AR,12,>3,0.6409930998219127
macau,NR-AR,13,0-1,0.0
macau,NR-AR,13,2-3,0.0
macau,NR-AR,13,>3,0.6409930998219127
macau,NR-AR,14,0-1,0.0
macau,NR-AR,14,2-3,0.0
macau,NR-AR,14,>3,0.6278181828330381
macau,NR-AR,15,0-1,0.0
macau,NR-AR,15,2-3,0.0
macau,NR-AR,15,>3,0.6278181828330381
macau,NR-AR,16,0-1,0.0
macau,NR-AR,16,2-3,0.0
macau,NR-AR,16,>3,0.6278181828330381
macau,NR-AR,17,0-1,0.0
macau,NR-AR,17,2-3,0.0
macau,NR-AR,17,>3,0.6278181828330381
macau,NR-AR,18,0-1,0.0
macau,NR-AR,18,2-3,0.0
macau,NR-AR,18,>3,0.6409930998219127
macau,NR-AR,19,0-1,0.0
macau,NR-AR,19,2-3,0.0
macau,NR-AR,19,>3,0.6409930998219127
macau,NR-AR-LBD,0,0-1,0.0
macau,NR-AR-LBD,0,2-3,-0.07254762501100116
macau,NR-AR-LBD,0,>3,0.5373353239036274
macau,NR-AR-LBD,1,0-1,0.0
macau,NR-AR-LBD,1,2-3,-0.07254762501100116
macau,NR-AR-LBD,1,>3,0.5373353239036274
macau,NR-AR-LBD,2,0-1,0.0
macau,NR-AR-LBD,2,2-3,-0.07254762501100116
macau,NR-AR-LBD,2,>3,0.5178595793908504
macau,NR-AR-LBD,3,0-1,0.0
macau,NR-AR-LBD,3,2-3,-0.07254762501100116
macau,NR-AR-LBD,3,>3,0.5178595793908504
macau,NR-AR-LBD,4,0-1,0.0
macau,NR-AR-LBD,4,2-3,-0.07254762501100116
macau,NR-AR-LBD,4,>3,0.5178595793908504
macau,NR-AR-LBD,5,0-1,0.0
macau,NR-AR-LBD,5,2-3,-0.07254762501100116
macau,NR-AR-LBD,5,>3,0.5373353239036274
macau,NR-AR-LBD,6,0-1,0.0
macau,NR-AR-LBD,6,2-3,-0.07254762501100116
macau,NR-AR-LBD,6,>3,0.5373353239036274
macau,NR-AR-LBD,7,0-1,0.0
macau,NR-AR-LBD,7,2-3,-0.07254762501100116
macau,NR-AR-LBD,7,>3,0.5373353239036274
macau,NR-AR-LBD,8,0-1,0.0
macau,NR-AR-LBD,8,2-3,-0.07254762501100116
macau,NR-AR-LBD,8,>3,0.5373353239036274
macau,NR-AR-LBD,9,0-1,0.0
macau,NR-AR-LBD,9,2-3,-0.07254762501100116
macau,NR-AR-LBD,9,>3,0.5373353239036274
macau,NR-AR-LBD,10,0-1,0.0
macau,NR-AR-LBD,10,2-3,-0.07254762501100116
macau,NR-AR-LBD,10,>3,0.5497310659744384
macau,NR-AR-LBD,11,0-1,0.0
macau,NR-AR-LBD,11,2-3,-0.07254762501100116
macau,NR-AR-LBD,11,>3,0.5373353239036274
macau,NR-AR-LBD,12,0-1,0.0
macau,NR-AR-LBD,12,2-3,-0.07254762501100116
macau,NR-AR-LBD,12,>3,0.5373353239036274
macau,NR-AR-LBD,13,0-1,0.0
macau,NR-AR-LBD,13,2-3,-0.07254762501100116
macau,NR-AR-LBD,13,>3,0.5497310659744384
macau,NR-AR-LBD,14,0-1,0.0
macau,NR-AR-LBD,14,2-3,-0.07254762501100116
macau,NR-AR-LBD,14,>3,0.5178595793908504
macau,NR-AR-LBD,15,0-1,0.0
macau,NR-AR-LBD,15,2-3,-0.07254762501100116
macau,NR-AR-LBD,15,>3,0.5178595793908504
macau,NR-AR-LBD,16,0-1,0.0
macau,NR-AR-LBD,16,2-3,-0.07254762501100116
macau,NR-AR-LBD,16,>3,0.5497310659744384
macau,NR-AR-LBD,17,0-1,0.0
macau,NR-AR-LBD,17,2-3,-0.07254762501100116
macau,NR-AR-LBD,17,>3,0.5178595793908504
macau,NR-AR-LBD,18,0-1,0.0
macau,NR-AR-LBD,18,2-3,-0.07254762501100116
macau,NR-AR-LBD,18,>3,0.5373353239036274
macau,NR-AR-LBD,19,0-1,0.0
macau,NR-AR-LBD,19,2-3,-0.07254762501100116
macau,NR-AR-LBD,19,>3,0.5497310659744384
macau,NR-AhR,0,0-1,0.0
macau,NR-AhR,0,2-3,-0.04490132550669373
macau,NR-AhR,0,>3,0.5139267835136164
macau,NR-AhR,1,0-1,0.0
macau,NR-AhR,1,2-3,-0.04490132550669373
macau,NR-AhR,1,>3,0.490968513529121
macau,NR-AhR,2,0-1,0.0
macau,NR-AhR,2,2-3,-0.04490132550669373
macau,NR-AhR,2,>3,0.5234531190302643
macau,NR-AhR,3,0-1,0.0
macau,NR-AhR,3,2-3,-0.04490132550669373
macau,NR-AhR,3,>3,0.5065543927766027
macau,NR-AhR,4,0-1,0.0
macau,NR-AhR,4,2-3,-0.04490132550669373
macau,NR-AhR,4,>3,0.5246076898347154
macau,NR-AhR,5,0-1,0.0
macau,NR-AhR,5,2-3,-0.04490132550669373
macau,NR-AhR,5,>3,0.5305229212183115
macau,NR-AhR,6,0-1,0.0
macau,NR-AhR,6,2-3,-0.04490132550669373
macau,NR-AhR,6,>3,0.4894467140346612
macau,NR-AhR,7,0-1,0.0
macau,NR-AhR,7,2-3,-0.04490132550669373
macau,NR-AhR,7,>3,0.5078884393442897
macau,NR-AhR,8,0-1,0.0
macau,NR-AhR,8,2-3,-0.04490132550669373
macau,NR-AhR,8,>3,0.5032458771925176
macau,NR-AhR,9,0-1,0.0
macau,NR-AhR,9,2-3,-0.04490132550669373
macau,NR-AhR,9,>3,0.5065543927766027
macau,NR-AhR,10,0-1,0.0
macau,NR-AhR,10,2-3,-0.04490132550669373
macau,NR-AhR,10,>3,0.5153094045913417
macau,NR-AhR,11,0-1,0.0
macau,NR-AhR,11,2-3,-0.04490132550669373
macau,NR-AhR,11,>3,0.5293959102249151
macau,NR-AhR,12,0-1,0.0
macau,NR-AhR,12,2-3,-0.04490132550669373
macau,NR-AhR,12,>3,0.4942295430427325
macau,NR-AhR,13,0-1,0.0
macau,NR-AhR,13,2-3,-0.04490132550669373
macau,NR-AhR,13,>3,0.5047694738170371
macau,NR-AhR,14,0-1,0.0
macau,NR-AhR,14,2-3,-0.04490132550669373
macau,NR-AhR,14,>3,0.5114113014865067
macau,NR-AhR,15,0-1,0.0
macau,NR-AhR,15,2-3,-0.04490132550669373
macau,NR-AhR,15,>3,0.5186421747846024
macau,NR-AhR,16,0-1,0.0
macau,NR-AhR,16,2-3,-0.04490132550669373
macau,NR-AhR,16,>3,0.5139267835136164
macau,NR-AhR,17,0-1,0.0
macau,NR-AhR,17,2-3,-0.04490132550669373
macau,NR-AhR,17,>3,0.500429007760584
macau,NR-AhR,18,0-1,0.0
macau,NR-AhR,18,2-3,-0.04490132550669373
macau,NR-AhR,18,>3,0.5032458771925176
macau,NR-AhR,19,0-1,0.0
macau,NR-AhR,19,2-3,-0.04490132550669373
macau,NR-AhR,19,>3,0.5065543927766027
macau,NR-ER,0,0-1,0.0
macau,NR-ER,0,2-3,-0.14484136487558028
macau,NR-ER,0,>3,0.40093727293476134
macau,NR-ER,1,0-1,0.0
macau,NR-ER,1,2-3,0.0
macau,NR-ER,1,>3,0.3912738296086231
macau,NR-ER,2,0-1,0.0
macau,NR-ER,2,2-3,-0.14484136487558028
macau,NR-ER,2,>3,0.3729310476799198
macau,NR-ER,3,0-1,0.0
macau,NR-ER,3,2-3,-0.14484136487558028
macau,NR-ER,3,>3,0.41968451506153776
macau,NR-ER,4,0-1,0.0
macau,NR-ER,4,2-3,-0.14484136487558028
macau,NR-ER,4,>3,0.37130076374116605
macau,NR-ER,5,0-1,0.0
macau,NR-ER,5,2-3,-0.14484136487558028
macau,NR-ER,5,>3,0.3829061950056717
macau,NR-ER,6,0-1,0.0
macau,NR-ER,6,2-3,-0.14484136487558028
macau,NR-ER,6,>3,0.38139990787448164
macau,NR-ER,7,0-1,0.0
macau,NR-ER,7,2-3,0.0
macau,NR-ER,7,>3,0.37130076374116605
macau,NR-ER,8,0-1,0.0
macau,NR-ER,8,2-3,-0.21320071635561044
macau,NR-ER,8,>3,0.38034850805540965
macau,NR-ER,9,0-1,0.0
macau,NR-ER,9,2-3,-0.14484136487558028
macau,NR-ER,9,>3,0.37130076374116605
macau,NR-ER,10,0-1,0.0
macau,NR-ER,10,2-3,-0.14484136487558028
macau,NR-ER,10,>3,0.40007170023027633
macau,NR-ER,11,0-1,0.0
macau,NR-ER,11,2-3,-0.14484136487558028
macau,NR-ER,11,>3,0.37130076374116605
macau,NR-ER,12,0-1,0.0
macau,NR-ER,12,2-3,-0.21320071635561044
macau,NR-ER,12,>3,0.3912738296086231
macau,NR-ER,13,0-1,0.0
macau,NR-ER,13,2-3,-0.14484136487558028
macau,NR-ER,13,>3,0.38139990787448164
macau,NR-ER,14,0-1,0.0
macau,NR-ER,14,2-3,-0.14484136487558028
macau,NR-ER,14,>3,0.36487511707658205
macau,NR-ER,15,0-1,0.0
macau,NR-ER,15,2-3,0.0
macau,NR-ER,15,>3,0.3912738296086231
macau,NR-ER,16,0-1,0.0
macau,NR-ER,16,2-3,0.0
macau,NR-ER,16,>3,0.40093727293476134
macau,NR-ER,17,0-1,0.0
macau,NR-ER,17,2-3,-0.14484136487558028
macau,NR-ER,17,>3,0.37130076374116605
macau,NR-ER,18,0-1,0.0
macau,NR-ER,18,2-3,0.0
macau,NR-ER,18,>3,0.3912738296086231
macau,NR-ER,19,0-1,0.0
macau,NR-ER,19,2-3,-0.14484136487558028
macau,NR-ER,19,>3,0.38034850805540965
macau,NR-ER-LBD,0,0-1,0.0
macau,NR-ER-LBD,0,2-3,0.0
macau,NR-ER-LBD,0,>3,0.6330725112886728
macau,NR-ER-LBD,1,0-1,0.0
macau,NR-ER-LBD,1,2-3,0.0
macau,NR-ER-LBD,1,>3,0.6469241080217357
macau,NR-ER-LBD,2,0-1,0.0
macau,NR-ER-LBD,2,2-3,0.0
macau,NR-ER-LBD,2,>3,0.6605064194014912
macau,NR-ER-LBD,3,0-1,0.0
macau,NR-ER-LBD,3,2-3,0.0
macau,NR-ER-LBD,3,>3,0.6330725112886728
macau,NR-ER-LBD,4,0-1,0.0
macau,NR-ER-LBD,4,2-3,0.0
macau,NR-ER-LBD,4,>3,0.618933718500202
macau,NR-ER-LBD,5,0-1,0.0
macau,NR-ER-LBD,5,2-3,0.0
macau,NR-ER-LBD,5,>3,0.6605064194014912
macau,NR-ER-LBD,6,0-1,0.0
macau,NR-ER-LBD,6,2-3,0.0
macau,NR-ER-LBD,6,>3,0.6469241080217357
macau,NR-ER-LBD,7,0-1,0.0
macau,NR-ER-LBD,7,2-3,0.0
macau,NR-ER-LBD,7,>3,0.6469241080217357
macau,NR-ER-LBD,8,0-1,0.0
macau,NR-ER-LBD,8,2-3,0.0
macau,NR-ER-LBD,8,>3,0.6469241080217357
macau,NR-ER-LBD,9,0-1,0.0
macau,NR-ER-LBD,9,2-3,0.0
macau,NR-ER-LBD,9,>3,0.6330725112886728
macau,NR-ER-LBD,10,0-1,0.0
macau,NR-ER-LBD,10,2-3,0.0
macau,NR-ER-LBD,10,>3,0.6478010874195614
macau,NR-ER-LBD,11,0-1,0.0
macau,NR-ER-LBD,11,2-3,0.0
macau,NR-ER-LBD,11,>3,0.6469241080217357
macau,NR-ER-LBD,12,0-1,0.0
macau,NR-ER-LBD,12,2-3,0.0
macau,NR-ER-LBD,12,>3,0.6330725112886728
macau,NR-ER-LBD,13,0-1,0.0
macau,NR-ER-LBD,13,2-3,0.0
macau,NR-ER-LBD,13,>3,0.6469241080217357
macau,NR-ER-LBD,14,0-1,0.0
macau,NR-ER-LBD,14,2-3,0.0
macau,NR-ER-LBD,14,>3,0.6605064194014912
macau,NR-ER-LBD,15,0-1,0.0
macau,NR-ER-LBD,15,2-3,0.0
macau,NR-ER-LBD,15,>3,0.6469241080217357
macau,NR-ER-LBD,16,0-1,0.0
macau,NR-ER-LBD,16,2-3,0.0
macau,NR-ER-LBD,16,>3,0.6469241080217357
macau,NR-ER-LBD,17,0-1,0.0
macau,NR-ER-LBD,17,2-3,0.0
macau,NR-ER-LBD,17,>3,0.6738356026200669
macau,NR-ER-LBD,18,0-1,0.0
macau,NR-ER-LBD,18,2-3,0.0
macau,NR-ER-LBD,18,>3,0.6605064194014912
macau,NR-ER-LBD,19,0-1,0.0
macau,NR-ER-LBD,19,2-3,0.0
macau,NR-ER-LBD,19,>3,0.6330725112886728
macau,NR-PPAR-gamma,0,0-1,0.0
macau,NR-PPAR-gamma,0,2-3,0.0
macau,NR-PPAR-gamma,0,>3,0.1166585074503364
macau,NR-PPAR-gamma,1,0-1,0.0
macau,NR-PPAR-gamma,1,2-3,0.0
macau,NR-PPAR-gamma,1,>3,0.19313938931129554
macau,NR-PPAR-gamma,2,0-1,0.0
macau,NR-PPAR-gamma,2,2-3,0.0
macau,NR-PPAR-gamma,2,>3,0.1166585074503364
macau,NR-PPAR-gamma,3,0-1,0.0
macau,NR-PPAR-gamma,3,2-3,0.0
macau,NR-PPAR-gamma,3,>3,0.19313938931129554
macau,NR-PPAR-gamma,4,0-1,0.0
macau,NR-PPAR-gamma,4,2-3,0.0
macau,NR-PPAR-gamma,4,>3,0.1166585074503364
macau,NR-PPAR-gamma,5,0-1,0.0
macau,NR-PPAR-gamma,5,2-3,0.0
macau,NR-PPAR-gamma,5,>3,0.1166585074503364
macau,NR-PPAR-gamma,6,0-1,0.0
macau,NR-PPAR-gamma,6,2-3,0.0
macau,NR-PPAR-gamma,6,>3,0.1166585074503364
macau,NR-PPAR-gamma,7,0-1,0.0
macau,NR-PPAR-gamma,7,2-3,0.0
macau,NR-PPAR-gamma,7,>3,-0.004439598029832081
macau,NR-PPAR-gamma,8,0-1,0.0
macau,NR-PPAR-gamma,8,2-3,0.0
macau,NR-PPAR-gamma,8,>3,0.1166585074503364
macau,NR-PPAR-gamma,9,0-1,0.0
macau,NR-PPAR-gamma,9,2-3,0.0
macau,NR-PPAR-gamma,9,>3,-0.004439598029832081
macau,NR-PPAR-gamma,10,0-1,0.0
macau,NR-PPAR-gamma,10,2-3,0.0
macau,NR-PPAR-gamma,10,>3,-0.004439598029832081
macau,NR-PPAR-gamma,11,0-1,0.0
macau,NR-PPAR-gamma,11,2-3,0.0
macau,NR-PPAR-gamma,11,>3,0.1166585074503364
macau,NR-PPAR-gamma,12,0-1,0.0
macau,NR-PPAR-gamma,12,2-3,0.0
macau,NR-PPAR-gamma,12,>3,0.1166585074503364
macau,NR-PPAR-gamma,13,0-1,0.0
macau,NR-PPAR-gamma,13,2-3,0.0
macau,NR-PPAR-gamma,13,>3,0.1166585074503364
macau,NR-PPAR-gamma,14,0-1,0.0
macau,NR-PPAR-gamma,14,2-3,0.0
macau,NR-PPAR-gamma,14,>3,0.19313938931129554
macau,NR-PPAR-gamma,15,0-1,0.0
macau,NR-PPAR-gamma,15,2-3,0.0
macau,NR-PPAR-gamma,15,>3,-0.004439598029832081
macau,NR-PPAR-gamma,16,0-1,0.0
macau,NR-PPAR-gamma,16,2-3,0.0
macau,NR-PPAR-gamma,16,>3,0.1166585074503364
macau,NR-PPAR-gamma,17,0-1,0.0
macau,NR-PPAR-gamma,17,2-3,0.0
macau,NR-PPAR-gamma,17,>3,0.1166585074503364
macau,NR-PPAR-gamma,18,0-1,0.0
macau,NR-PPAR-gamma,18,2-3,0.0
macau,NR-PPAR-gamma,18,>3,0.1166585074503364
macau,NR-PPAR-gamma,19,0-1,0.0
macau,NR-PPAR-gamma,19,2-3,0.0
macau,NR-PPAR-gamma,19,>3,-0.004439598029832081
macau,SR-ARE,0,0-1,0.37452203223474856
macau,SR-ARE,0,2-3,0.5345224838248488
macau,SR-ARE,0,>3,0.5264497648287838
macau,SR-ARE,1,0-1,0.45382302165887645
macau,SR-ARE,1,2-3,0.4082482904638631
macau,SR-ARE,1,>3,0.5166925930953684
macau,SR-ARE,2,0-1,0.37452203223474856
macau,SR-ARE,2,2-3,0.4082482904638631
macau,SR-ARE,2,>3,0.5399623850417437
macau,SR-ARE,3,0-1,0.2788551096940084
macau,SR-ARE,3,2-3,0.5345224838248488
macau,SR-ARE,3,>3,0.5303123135621404
macau,SR-ARE,4,0-1,0.37452203223474856
macau,SR-ARE,4,2-3,0.5345224838248488
macau,SR-ARE,4,>3,0.533020324532442
macau,SR-ARE,5,0-1,0.37452203223474856
macau,SR-ARE,5,2-3,0.4082482904638631
macau,SR-ARE,5,>3,0.522534970657972
macau,SR-ARE,6,0-1,0.37452203223474856
macau,SR-ARE,6,2-3,0.4082482904638631
macau,SR-ARE,6,>3,0.513090549790221
macau,SR-ARE,7,0-1,0.45382302165887645
macau,SR-ARE,7,2-3,0.5345224838248488
macau,SR-ARE,7,>3,0.534455977627116
macau,SR-ARE,8,0-1,0.15542053265732492
macau,SR-ARE,8,2-3,0.4082482904638631
macau,SR-ARE,8,>3,0.535941311951483
macau,SR-ARE,9,0-1,0.37452203223474856
macau,SR-ARE,9,2-3,0.5345224838248488
macau,SR-ARE,9,>3,0.5319793915257232
macau,SR-ARE,10,0-1,0.45382302165887645
macau,SR-ARE,10,2-3,0.4082482904638631
macau,SR-ARE,10,>3,0.5208834069286413
macau,SR-ARE,11,0-1,0.45382302165887645
macau,SR-ARE,11,2-3,0.5345224838248488
macau,SR-ARE,11,>3,0.535941311951483
macau,SR-ARE,12,0-1,0.37452203223474856
macau,SR-ARE,12,2-3,0.4082482904638631
macau,SR-ARE,12,>3,0.523331882007449
macau,SR-ARE,13,0-1,0.37452203223474856
macau,SR-ARE,13,2-3,0.5345224838248488
macau,SR-ARE,13,>3,0.5186769603913398
macau,SR-ARE,14,0-1,0.2788551096940084
macau,SR-ARE,14,2-3,0.5345224838248488
macau,SR-ARE,14,>3,0.5096369493328623
macau,SR-ARE,15,0-1,0.4552754815357697
macau,SR-ARE,15,2-3,0.5345224838248488
macau,SR-ARE,15,>3,0.534455977627116
macau,SR-ARE,16,0-1,0.37452203223474856
macau,SR-ARE,16,2-3,0.4082482904638631
macau,SR-ARE,16,>3,0.5248677080583379
macau,SR-ARE,17,0-1,0.37452203223474856
macau,SR-ARE,17,2-3,0.5345224838248488
macau,SR-ARE,17,>3,0.5186769603913398
macau,SR-ARE,18,0-1,0.37452203223474856
macau,SR-ARE,18,2-3,0.5345224838248488
macau,SR-ARE,18,>3,0.537473136908066
macau,SR-ARE,19,0-1,0.37452203223474856
macau,SR-ARE,19,2-3,0.4082482904638631
macau,SR-ARE,19,>3,0.5169582177060845
macau,SR-ATAD5,0,0-1,0.0
macau,SR-ATAD5,0,2-3,0.0
macau,SR-ATAD5,0,>3,0.14080010700725168
macau,SR-ATAD5,1,0-1,0.0
macau,SR-ATAD5,1,2-3,0.0
macau,SR-ATAD5,1,>3,0.14080010700725168
macau,SR-ATAD5,2,0-1,0.0
macau,SR-ATAD5,2,2-3,0.0
macau,SR-ATAD5,2,>3,0.14080010700725168
macau,SR-ATAD5,3,0-1,0.0
macau,SR-ATAD5,3,2-3,0.0
macau,SR-ATAD5,3,>3,0.09843994238915622
macau,SR-ATAD5,4,0-1,0.0
macau,SR-ATAD5,4,2-3,0.0
macau,SR-ATAD5,4,>3,0.14080010700725168
macau,SR-ATAD5,5,0-1,0.0
macau,SR-ATAD5,5,2-3,0.0
macau,SR-ATAD5,5,>3,0.17819406289323708
macau,SR-ATAD5,6,0-1,0.0
macau,SR-ATAD5,6,2-3,0.0
macau,SR-ATAD5,6,>3,0.17819406289323708
macau,SR-ATAD5,7,0-1,0.0
macau,SR-ATAD5,7,2-3,0.0
macau,SR-ATAD5,7,>3,0.14080010700725168
macau,SR-ATAD5,8,0-1,0.0
macau,SR-ATAD5,8,2-3,0.0
macau,SR-ATAD5,8,>3,0.09843994238915622
macau,SR-ATAD5,9,0-1,0.0
macau,SR-ATAD5,9,2-3,0.0
macau,SR-ATAD5,9,>3,0.14080010700725168
macau,SR-ATAD5,10,0-1,0.0
macau,SR-ATAD5,10,2-3,0.0
macau,SR-ATAD5,10,>3,0.14080010700725168
macau,SR-ATAD5,11,0-1,0.0
macau,SR-ATAD5,11,2-3,0.0
macau,SR-ATAD5,11,>3,0.14080010700725168
macau,SR-ATAD5,12,0-1,0.0
macau,SR-ATAD5,12,2-3,0.0
macau,SR-ATAD5,12,>3,0.14080010700725168
macau,SR-ATAD5,13,0-1,0.0
macau,SR-ATAD5,13,2-3,0.0
macau,SR-ATAD5,13,>3,0.14080010700725168
macau,SR-ATAD5,14,0-1,0.0
macau,SR-ATAD5,14,2-3,0.0
macau,SR-ATAD5,14,>3,0.17819406289323708
macau,SR-ATAD5,15,0-1,0.0
macau,SR-ATAD5,15,2-3,0.0
macau,SR-ATAD5,15,>3,0.14080010700725168
macau,SR-ATAD5,16,0-1,0.0
macau,SR-ATAD5,16,2-3,0.0
macau,SR-ATAD5,16,>3,0.09843994238915622
macau,SR-ATAD5,17,0-1,0.0
macau,SR-ATAD5,17,2-3,0.0
macau,SR-ATAD5,17,>3,0.17819406289323708
macau,SR-ATAD5,18,0-1,0.0
macau,SR-ATAD5,18,2-3,0.0
macau,SR-ATAD5,18,>3,0.09843994238915622
macau,SR-ATAD5,19,0-1,0.0
macau,SR-ATAD5,19,2-3,0.0
macau,SR-ATAD5,19,>3,0.09843994238915622
macau,SR-HSE,0,0-1,0.0
macau,SR-HSE,0,2-3,0.0
macau,SR-HSE,0,>3,0.18954403281550666
macau,SR-HSE,1,0-1,0.0
macau,SR-HSE,1,2-3,0.0
macau,SR-HSE,1,>3,0.18954403281550666
macau,SR-HSE,2,0-1,0.0
macau,SR-HSE,2,2-3,0.0
macau,SR-HSE,2,>3,0.18954403281550666
macau,SR-HSE,3,0-1,0.0
macau,SR-HSE,3,2-3,0.0
macau,SR-HSE,3,>3,0.18954403281550666
macau,SR-HSE,4,0-1,0.0
macau,SR-HSE,4,2-3,0.0
macau,SR-HSE,4,>3,0.18954403281550666
macau,SR-HSE,5,0-1,0.0
macau,SR-HSE,5,2-3,0.0
macau,SR-HSE,5,>3,0.18954403281550666
macau,SR-HSE,6,0-1,0.0
macau,SR-HSE,6,2-3,0.0
macau,SR-HSE,6,>3,0.18954403281550666
macau,SR-HSE,7,0-1,0.0
macau,SR-HSE,7,2-3,0.0
macau,SR-HSE,7,>3,0.18954403281550666
macau,SR-HSE,8,0-1,0.0
macau,SR-HSE,8,2-3,0.0
macau,SR-HSE,8,>3,0.18954403281550666
macau,SR-HSE,9,0-1,0.0
macau,SR-HSE,9,2-3,0.0
macau,SR-HSE,9,>3,0.18954403281550666
macau,SR-HSE,10,0-1,0.0
macau,SR-HSE,10,2-3,0.0
macau,SR-HSE,10,>3,0.18954403281550666
macau,SR-HSE,11,0-1,0.0
macau,SR-HSE,11,2-3,0.0
macau,SR-HSE,11,>3,0.18954403281550666
macau,SR-HSE,12,0-1,0.0
macau,SR-HSE,12,2-3,0.0
macau,SR-HSE,12,>3,0.18954403281550666
macau,SR-HSE,13,0-1,0.0
macau,SR-HSE,13,2-3,0.0
macau,SR-HSE,13,>3,0.18954403281550666
macau,SR-HSE,14,0-1,0.0
macau,SR-HSE,14,2-3,0.0
macau,SR-HSE,14,>3,0.18954403281550666
macau,SR-HSE,15,0-1,0.0
macau,SR-HSE,15,2-3,0.0
macau,SR-HSE,15,>3,0.18954403281550666
macau,SR-HSE,16,0-1,0.0
macau,SR-HSE,16,2-3,0.0
macau,SR-HSE,16,>3,0.18954403281550666
macau,SR-HSE,17,0-1,0.0
macau,SR-HSE,17,2-3,0.0
macau,SR-HSE,17,>3,0.18954403281550666
macau,SR-HSE,18,0-1,0.0
macau,SR-HSE,18,2-3,0.0
macau,SR-HSE,18,>3,0.18954403281550666
macau,SR-HSE,19,0-1,0.0
macau,SR-HSE,19,2-3,0.0
macau,SR-HSE,19,>3,0.18954403281550666
macau,SR-MMP,0,0-1,0.0
macau,SR-MMP,0,2-3,0.3347193406976015
macau,SR-MMP,0,>3,0.5269776398431875
macau,SR-MMP,1,0-1,0.0
macau,SR-MMP,1,2-3,0.279078152825719
macau,SR-MMP,1,>3,0.521492247648975
macau,SR-MMP,2,0-1,0.0
macau,SR-MMP,2,2-3,0.279078152825719
macau,SR-MMP,2,>3,0.5177012369052064
macau,SR-MMP,3,0-1,0.0
macau,SR-MMP,3,2-3,0.22360679774997896
macau,SR-MMP,3,>3,0.5121698138263834
macau,SR-MMP,4,0-1,0.0
macau,SR-MMP,4,2-3,0.22360679774997896
macau,SR-MMP,4,>3,0.5231960129596833
macau,SR-MMP,5,0-1,0.0
macau,SR-MMP,5,2-3,0.22360679774997896
macau,SR-MMP,5,>3,0.5159701362273276
macau,SR-MMP,6,0-1,0.0
macau,SR-MMP,6,2-3,0.279078152825719
macau,SR-MMP,6,>3,0.5324271498013348
macau,SR-MMP,7,0-1,0.0
macau,SR-MMP,7,2-3,0.279078152825719
macau,SR-MMP,7,>3,0.5308146814715666
macau,SR-MMP,8,0-1,0.0
macau,SR-MMP,8,2-3,0.279078152825719
macau,SR-MMP,8,>3,0.5269776398431875
macau,SR-MMP,9,0-1,0.0
macau,SR-MMP,9,2-3,0.22360679774997896
macau,SR-MMP,9,>3,0.5253393867249398
macau,SR-MMP,10,0-1,0.0
macau,SR-MMP,10,2-3,0.279078152825719
macau,SR-MMP,10,>3,0.5440778877201643
macau,SR-MMP,11,0-1,0.0
macau,SR-MMP,11,2-3,0.22360679774997896
macau,SR-MMP,11,>3,0.534708637222552
macau,SR-MMP,12,0-1,0.0
macau,SR-MMP,12,2-3,0.279078152825719
macau,SR-MMP,12,>3,0.495502602434729
macau,SR-MMP,13,0-1,0.0
macau,SR-MMP,13,2-3,0.279078152825719
macau,SR-MMP,13,>3,0.5308146814715666
macau,SR-MMP,14,0-1,0.0
macau,SR-MMP,14,2-3,0.279078152825719
macau,SR-MMP,14,>3,0.5324271498013348
macau,SR-MMP,15,0-1,0.0
macau,SR-MMP,15,2-3,0.22360679774997896
macau,SR-MMP,15,>3,0.519827314619107
macau,SR-MMP,16,0-1,0.0
macau,SR-MMP,16,2-3,0.279078152825719
macau,SR-MMP,16,>3,0.534708637222552
macau,SR-MMP,17,0-1,0.0
macau,SR-MMP,17,2-3,0.279078152825719
macau,SR-MMP,17,>3,0.519827314619107
macau,SR-MMP,18,0-1,0.0
macau,SR-MMP,18,2-3,0.22360679774997896
macau,SR-MMP,18,>3,0.5432217348034792
macau,SR-MMP,19,0-1,0.0
macau,SR-MMP,19,2-3,0.279078152825719
macau,SR-MMP,19,>3,0.5086893150534172
macau,SR-p53,0,0-1,0.0
macau,SR-p53,0,2-3,0.19347649748797374
macau,SR-p53,0,>3,0.2489694049720725
macau,SR-p53,1,0-1,0.0
macau,SR-p53,1,2-3,0.19347649748797374
macau,SR-p53,1,>3,0.21055793062949685
macau,SR-p53,2,0-1,0.0
macau,SR-p53,2,2-3,0.19347649748797374
macau,SR-p53,2,>3,0.2396893881448174
macau,SR-p53,3,0-1,0.0
macau,SR-p53,3,2-3,0.2820380374088831
macau,SR-p53,3,>3,0.23557001104725628
macau,SR-p53,4,0-1,0.0
macau,SR-p53,4,2-3,0.3567530340063379
macau,SR-p53,4,>3,0.2873808793146482
macau,SR-p53,5,0-1,0.0
macau,SR-p53,5,2-3,0.2820380374088831
macau,SR-p53,5,>3,0.2644397269728243
macau,SR-p53,6,0-1,0.0
macau,SR-p53,6,2-3,0.2820380374088831
macau,SR-p53,6,>3,0.2873808793146482
macau,SR-p53,7,0-1,0.0
macau,SR-p53,7,2-3,0.19347649748797374
macau,SR-p53,7,>3,0.28260361347778357
macau,SR-p53,8,0-1,0.0
macau,SR-p53,8,2-3,0.19347649748797374
macau,SR-p53,8,>3,0.2644397269728243
macau,SR-p53,9,0-1,0.0
macau,SR-p53,9,2-3,0.19347649748797374
macau,SR-p53,9,>3,0.27220720121013153
macau,SR-p53,10,0-1,0.0
macau,SR-p53,10,2-3,0.19347649748797374
macau,SR-p53,10,>3,0.2873808793146482
macau,SR-p53,11,0-1,0.0
macau,SR-p53,11,2-3,0.19347649748797374
macau,SR-p53,11,>3,0.27220720121013153
macau,SR-p53,12,0-1,0.0
macau,SR-p53,12,2-3,0.19347649748797374
macau,SR-p53,12,>3,0.29398441344855863
macau,SR-p53,13,0-1,0.0
macau,SR-p53,13,2-3,0.19347649748797374
macau,SR-p53,13,>3,0.2585232368202228
macau,SR-p53,14,0-1,0.0
macau,SR-p53,14,2-3,0.2820380374088831
macau,SR-p53,14,>3,0.27220720121013153
macau,SR-p53,15,0-1,0.0
macau,SR-p53,15,2-3,0.2820380374088831
macau,SR-p53,15,>3,0.2489694049720725
macau,SR-p53,16,0-1,0.0
macau,SR-p53,16,2-3,0.2820380374088831
macau,SR-p53,16,>3,0.27220720121013153
macau,SR-p53,17,0-1,0.0
macau,SR-p53,17,2-3,0.19347649748797374
macau,SR-p53,17,>3,0.29398441344855863
macau,SR-p53,18,0-1,0.0
macau,SR-p53,18,2-3,0.19347649748797374
macau,SR-p53,18,>3,0.27220720121013153
macau,SR-p53,19,0-1,0.0
macau,SR-p53,19,2-3,0.19347649748797374
macau,SR-p53,19,>3,0.2644397269728243
macau,NR-Aromatase,0,0-1,0.0
macau,NR-Aromatase,0,2-3,0.0
macau,NR-Aromatase,0,>3,0.24543732318468112
macau,NR-Aromatase,1,0-1,0.0
macau,NR-Aromatase,1,2-3,0.0
macau,NR-Aromatase,1,>3,0.2808026480387635
macau,NR-Aromatase,2,0-1,0.0
macau,NR-Aromatase,2,2-3,0.0
macau,NR-Aromatase,2,>3,0.2049614158676606
macau,NR-Aromatase,3,0-1,0.0
macau,NR-Aromatase,3,2-3,0.0
macau,NR-Aromatase,3,>3,0.2808026480387635
macau,NR-Aromatase,4,0-1,0.0
macau,NR-Aromatase,4,2-3,0.0
macau,NR-Aromatase,4,>3,0.2808026480387635
macau,NR-Aromatase,5,0-1,0.0
macau,NR-Aromatase,5,2-3,0.0
macau,NR-Aromatase,5,>3,0.3125573638612601
macau,NR-Aromatase,6,0-1,0.0
macau,NR-Aromatase,6,2-3,0.0
macau,NR-Aromatase,6,>3,0.24543732318468112
macau,NR-Aromatase,7,0-1,0.0
macau,NR-Aromatase,7,2-3,0.0
macau,NR-Aromatase,7,>3,0.24543732318468112
macau,NR-Aromatase,8,0-1,0.0
macau,NR-Aromatase,8,2-3,0.0
macau,NR-Aromatase,8,>3,0.24543732318468112
macau,NR-Aromatase,9,0-1,0.0
macau,NR-Aromatase,9,2-3,0.0
macau,NR-Aromatase,9,>3,0.2808026480387635
macau,NR-Aromatase,10,0-1,0.0
macau,NR-Aromatase,10,2-3,0.0
macau,NR-Aromatase,10,>3,0.2808026480387635
macau,NR-Aromatase,11,0-1,0.0
macau,NR-Aromatase,11,2-3,0.0
macau,NR-Aromatase,11,>3,0.3125573638612601
macau,NR-Aromatase,12,0-1,0.0
macau,NR-Aromatase,12,2-3,0.0
macau,NR-Aromatase,12,>3,0.24543732318468112
macau,NR-Aromatase,13,0-1,0.0
macau,NR-Aromatase,13,2-3,0.0
macau,NR-Aromatase,13,>3,0.2049614158676606
macau,NR-Aromatase,14,0-1,0.0
macau,NR-Aromatase,14,2-3,0.0
macau,NR-Aromatase,14,>3,0.24543732318468112
macau,NR-Aromatase,15,0-1,0.0
macau,NR-Aromatase,15,2-3,0.0
macau,NR-Aromatase,15,>3,0.2808026480387635
macau,NR-Aromatase,16,0-1,0.0
macau,NR-Aromatase,16,2-3,0.0
macau,NR-Aromatase,16,>3,0.3125573638612601
macau,NR-Aromatase,17,0-1,0.0
macau,NR-Aromatase,17,2-3,0.0
macau,NR-Aromatase,17,>3,0.3125573638612601
macau,NR-Aromatase,18,0-1,0.0
macau,NR-Aromatase,18,2-3,0.0
macau,NR-Aromatase,18,>3,0.2808026480387635
macau,NR-Aromatase,19,0-1,0.0
macau,NR-Aromatase,19,2-3,0.0
macau,NR-Aromatase,19,>3,0.2808026480387635
